order_id,product_id,quantity,unit_price,discount_amount,_source_file,_ingest_date,_load_ts,item_net_amount
O000001,P00029,2,567.16,21.74,order_items.csv,2025-12-01,2026-03-29T16:56:28,1112.58
O000001,P00033,2,528.52,84.09,order_items.csv,2025-12-01,2026-03-29T16:56:28,972.9499999999999
O000002,P00058,1,416.65,50.29,order_items.csv,2025-12-01,2026-03-29T16:56:28,366.35999999999996
O000003,P00012,3,466.25,11.88,order_items.csv,2025-12-01,2026-03-29T16:56:28,1386.87
O000003,P00032,2,640.06,173.63,order_items.csv,2025-12-01,2026-03-29T16:56:28,1106.4899999999998
O000003,P00005,1,345.66,25.7,order_items.csv,2025-12-01,2026-03-29T16:56:28,319.96000000000004
O000004,P00051,3,250.5,29.28,order_items.csv,2025-12-01,2026-03-29T16:56:28,722.22
O000004,P00044,2,32.07,7.34,order_items.csv,2025-12-01,2026-03-29T16:56:28,56.8
O000004,P00057,3,308.11,57.43,order_items.csv,2025-12-01,2026-03-29T16:56:28,866.9000000000001
O000005,P00030,2,614.95,87.01,order_items.csv,2025-12-01,2026-03-29T16:56:28,1142.89
O000005,P00054,2,792.26,142.6,order_items.csv,2025-12-01,2026-03-29T16:56:28,1441.92
O000005,P00031,3,443.93,39.03,order_items.csv,2025-12-01,2026-03-29T16:56:28,1292.76
O000006,P00037,3,798.99,163.9,order_items.csv,2025-12-01,2026-03-29T16:56:28,2233.07
O000007,P00020,3,393.66,30.86,order_items.csv,2025-12-01,2026-03-29T16:56:28,1150.1200000000001
O000008,P00046,0,NULL,21.56,order_items.csv,2025-12-01,2026-03-29T16:56:28,NULL
O000009,P00052,1,45.87,9.59,order_items.csv,2025-12-01,2026-03-29T16:56:28,36.28
O000009,P00019,2,540.62,149.45,order_items.csv,2025-12-01,2026-03-29T16:56:28,931.79
O000009,P00005,2,157.48,14.59,order_items.csv,2025-12-01,2026-03-29T16:56:28,300.37
O000009,P00004,1,410.22,83.89,order_items.csv,2025-12-01,2026-03-29T16:56:28,326.33000000000004
O000010,P00007,1,720.1,94.71,order_items.csv,2025-12-01,2026-03-29T16:56:28,625.39
O000010,P00060,1,754.51,73.8,order_items.csv,2025-12-01,2026-03-29T16:56:28,680.71
O000010,P00018,3,533.93,154.42,order_items.csv,2025-12-01,2026-03-29T16:56:28,1447.37
O000010,P00041,3,33.42,9.98,order_items.csv,2025-12-01,2026-03-29T16:56:28,90.28
O000011,P00051,1,578.74,66.64,order_items.csv,2025-12-01,2026-03-29T16:56:28,512.1
O000011,P00057,2,416.15,50.1,order_items.csv,2025-12-01,2026-03-29T16:56:28,782.1999999999999
O000011,P00043,3,384.89,111.7,order_items.csv,2025-12-01,2026-03-29T16:56:28,1042.97
O000012,P00049,1,197.61,49.24,order_items.csv,2025-12-01,2026-03-29T16:56:28,148.37
O000012,P00044,3,436.34,102.24,order_items.csv,2025-12-01,2026-03-29T16:56:28,1206.78
O000012,P00059,2,482.13,84.45,order_items.csv,2025-12-01,2026-03-29T16:56:28,879.81
O000013,P00016,2,113.43,27.15,order_items.csv,2025-12-01,2026-03-29T16:56:28,199.71
O000013,P00030,1,483.87,101.81,order_items.csv,2025-12-01,2026-03-29T16:56:28,382.06
O000013,P00001,2,376.78,0.97,order_items.csv,2025-12-01,2026-03-29T16:56:28,752.5899999999999
O000014,P00048,2,776.15,203.22,order_items.csv,2025-12-01,2026-03-29T16:56:28,1349.08
O000015,P00036,2,38.34,11.38,order_items.csv,2025-12-01,2026-03-29T16:56:28,65.30000000000001
O000015,P00004,2,526.2,62.37,order_items.csv,2025-12-01,2026-03-29T16:56:28,990.0300000000001
O000016,P00022,1,368.65,46.67,order_items.csv,2025-12-01,2026-03-29T16:56:28,321.97999999999996
O000016,P00035,3,513.79,114.26,order_items.csv,2025-12-01,2026-03-29T16:56:28,1427.11
O000016,P00059,3,265.37,10.78,order_items.csv,2025-12-01,2026-03-29T16:56:28,785.33
O000017,P00014,1,432.78,37.81,order_items.csv,2025-12-01,2026-03-29T16:56:28,394.96999999999997
O000017,P00038,2,177.25,8.76,order_items.csv,2025-12-01,2026-03-29T16:56:28,345.74
O000018,P00043,3,719.79,122.69,order_items.csv,2025-12-01,2026-03-29T16:56:28,2036.6799999999998
O000018,P00025,3,414.38,5.0,order_items.csv,2025-12-01,2026-03-29T16:56:28,1238.1399999999999
O000018,P00033,2,102.57,16.82,order_items.csv,2025-12-01,2026-03-29T16:56:28,188.32
O000018,P00045,3,571.07,102.22,order_items.csv,2025-12-01,2026-03-29T16:56:28,1610.99
O000019,P00009,1,322.42,22.74,order_items.csv,2025-12-01,2026-03-29T16:56:28,299.68
O000020,P00022,3,403.53,45.93,order_items.csv,2025-12-01,2026-03-29T16:56:28,1164.6599999999999
O000021,P00039,1,45.52,6.88,order_items.csv,2025-12-01,2026-03-29T16:56:28,38.64
O000021,P00059,2,555.92,163.12,order_items.csv,2025-12-01,2026-03-29T16:56:28,948.7199999999999
O000021,P00010,2,68.83,14.0,order_items.csv,2025-12-01,2026-03-29T16:56:28,123.66
O000022,P00043,1,731.98,181.67,order_items.csv,2025-12-01,2026-03-29T16:56:28,550.3100000000001
O000022,P00039,3,595.77,7.66,order_items.csv,2025-12-01,2026-03-29T16:56:28,1779.6499999999999
O000022,P00002,3,799.77,100.59,order_items.csv,2025-12-01,2026-03-29T16:56:28,2298.72
O000023,P00050,3,776.85,229.24,order_items.csv,2025-12-01,2026-03-29T16:56:28,2101.3100000000004
O000023,P00029,2,611.15,83.63,order_items.csv,2025-12-01,2026-03-29T16:56:28,1138.67
O000023,P00059,3,265.46,47.44,order_items.csv,2025-12-01,2026-03-29T16:56:28,748.9399999999998
O000024,P00056,3,494.31,33.36,order_items.csv,2025-12-01,2026-03-29T16:56:28,1449.5700000000002
O000024,P00044,3,764.95,3.5,order_items.csv,2025-12-01,2026-03-29T16:56:28,2291.3500000000004
O000025,P00055,2,463.29,106.48,order_items.csv,2025-12-01,2026-03-29T16:56:28,820.1
O000026,P00013,3,149.16,1.33,order_items.csv,2025-12-01,2026-03-29T16:56:28,446.15000000000003
O000026,P00023,3,584.92,169.86,order_items.csv,2025-12-01,2026-03-29T16:56:28,1584.8999999999996
O000026,P00014,3,716.43,163.22,order_items.csv,2025-12-01,2026-03-29T16:56:28,1986.07
O000026,P00026,3,252.95,26.11,order_items.csv,2025-12-01,2026-03-29T16:56:28,732.7399999999999
O000027,P00052,1,96.68,1.49,order_items.csv,2025-12-01,2026-03-29T16:56:28,95.19000000000001
O000027,P00048,2,478.25,73.11,order_items.csv,2025-12-01,2026-03-29T16:56:28,883.39
O000027,P00014,2,128.7,14.99,order_items.csv,2025-12-01,2026-03-29T16:56:28,242.40999999999997
O000029,P00009,1,290.74,41.01,order_items.csv,2025-12-01,2026-03-29T16:56:28,249.73000000000002
O000029,P00019,1,490.66,14.89,order_items.csv,2025-12-01,2026-03-29T16:56:28,475.77000000000004
O000029,P00025,1,164.17,21.77,order_items.csv,2025-12-01,2026-03-29T16:56:28,142.39999999999998
O000030,P00022,2,464.2,85.36,order_items.csv,2025-12-01,2026-03-29T16:56:28,843.04
O000031,P00043,1,136.64,35.37,order_items.csv,2025-12-01,2026-03-29T16:56:28,101.26999999999998
O000031,P00046,1,50.0,2.51,order_items.csv,2025-12-01,2026-03-29T16:56:28,47.49
O000031,P00038,2,314.32,91.86,order_items.csv,2025-12-01,2026-03-29T16:56:28,536.78
O000032,P00039,3,433.37,100.34,order_items.csv,2025-12-01,2026-03-29T16:56:28,1199.7700000000002
O000032,P00003,3,581.52,142.01,order_items.csv,2025-12-01,2026-03-29T16:56:28,1602.55
O000032,P00014,1,45.12,10.72,order_items.csv,2025-12-01,2026-03-29T16:56:28,34.4
O000033,P00025,3,267.21,75.6,order_items.csv,2025-12-01,2026-03-29T16:56:28,726.0299999999999
O000033,P00044,2,397.13,42.88,order_items.csv,2025-12-01,2026-03-29T16:56:28,751.38
O000033,P00054,1,737.04,14.97,order_items.csv,2025-12-01,2026-03-29T16:56:28,722.0699999999999
O000033,P00016,2,383.58,65.88,order_items.csv,2025-12-01,2026-03-29T16:56:28,701.28
O000034,P00032,3,NULL,17.25,order_items.csv,2025-12-01,2026-03-29T16:56:28,NULL
O000034,P00038,3,702.29,3.36,order_items.csv,2025-12-01,2026-03-29T16:56:28,2103.5099999999998
O000035,P00010,1,777.84,5.0,order_items.csv,2025-12-01,2026-03-29T16:56:28,772.84
O000035,P00002,3,651.62,53.98,order_items.csv,2025-12-01,2026-03-29T16:56:28,1900.88
O000035,P00046,3,303.88,21.98,order_items.csv,2025-12-01,2026-03-29T16:56:28,889.66
O000035,P00008,3,647.65,128.61,order_items.csv,2025-12-01,2026-03-29T16:56:28,1814.3399999999997
O000036,P00025,2,774.99,13.44,order_items.csv,2025-12-01,2026-03-29T16:56:28,1536.54
O000036,P00060,2,73.56,2.59,order_items.csv,2025-12-01,2026-03-29T16:56:28,144.53
O000036,P00023,3,386.45,102.15,order_items.csv,2025-12-01,2026-03-29T16:56:28,1057.1999999999998
O000037,P00055,2,419.21,10.8,order_items.csv,2025-12-01,2026-03-29T16:56:28,827.62
O000038,P00022,3,508.29,108.05,order_items.csv,2025-12-01,2026-03-29T16:56:28,1416.8200000000002
O000038,P00016,2,591.68,108.56,order_items.csv,2025-12-01,2026-03-29T16:56:28,1074.8
O000039,P00032,1,708.25,42.79,order_items.csv,2025-12-01,2026-03-29T16:56:28,665.46
O000040,P00034,0,298.0,0.46,order_items.csv,2025-12-01,2026-03-29T16:56:28,-0.46
O000040,P00041,3,328.65,82.31,order_items.csv,2025-12-01,2026-03-29T16:56:28,903.6399999999999
O000040,P00027,3,656.78,147.93,order_items.csv,2025-12-01,2026-03-29T16:56:28,1822.4099999999999
O000040,P00002,2,744.44,177.41,order_items.csv,2025-12-01,2026-03-29T16:56:28,1311.47
O000041,P00040,2,329.75,36.85,order_items.csv,2025-12-01,2026-03-29T16:56:28,622.65
O000041,P00017,1,35.84,3.05,order_items.csv,2025-12-01,2026-03-29T16:56:28,32.790000000000006
O000042,P00019,1,59.44,7.66,order_items.csv,2025-12-01,2026-03-29T16:56:28,51.78
O000043,P00020,1,539.53,78.86,order_items.csv,2025-12-01,2026-03-29T16:56:28,460.66999999999996
O000043,P00037,2,234.13,36.77,order_items.csv,2025-12-01,2026-03-29T16:56:28,431.49
O000043,P00027,2,17.71,3.14,order_items.csv,2025-12-01,2026-03-29T16:56:28,32.28
O000043,P00028,2,205.47,26.6,order_items.csv,2025-12-01,2026-03-29T16:56:28,384.34
O000044,P00029,3,324.58,62.37,order_items.csv,2025-12-01,2026-03-29T16:56:28,911.37
O000044,P00007,3,623.72,6.12,order_items.csv,2025-12-01,2026-03-29T16:56:28,1865.0400000000002
O000045,P00027,3,328.63,31.19,order_items.csv,2025-12-01,2026-03-29T16:56:28,954.6999999999999
O000045,P00007,2,765.9,48.36,order_items.csv,2025-12-01,2026-03-29T16:56:28,1483.44
O000046,P00047,2,232.54,27.46,order_items.csv,2025-12-01,2026-03-29T16:56:28,437.62
O000046,P00038,3,527.33,128.39,order_items.csv,2025-12-01,2026-03-29T16:56:28,1453.6000000000004
O000046,P00007,1,273.37,66.2,order_items.csv,2025-12-01,2026-03-29T16:56:28,207.17000000000002
O000047,P00059,3,134.11,36.37,order_items.csv,2025-12-01,2026-03-29T16:56:28,365.96000000000004
O000047,P00046,3,517.59,37.74,order_items.csv,2025-12-01,2026-03-29T16:56:28,1515.03
O000047,P00060,1,213.47,61.9,order_items.csv,2025-12-01,2026-03-29T16:56:28,151.57
O000047,P00015,1,191.25,37.07,order_items.csv,2025-12-01,2026-03-29T16:56:28,154.18
O000048,P00025,3,192.07,28.86,order_items.csv,2025-12-01,2026-03-29T16:56:28,547.35
O000048,P00026,1,537.88,33.6,order_items.csv,2025-12-01,2026-03-29T16:56:28,504.28
O000048,P00001,1,170.19,25.51,order_items.csv,2025-12-01,2026-03-29T16:56:28,144.68
O000049,P00003,1,691.0,198.03,order_items.csv,2025-12-01,2026-03-29T16:56:28,492.97
O000049,P00034,3,372.95,98.23,order_items.csv,2025-12-01,2026-03-29T16:56:28,1020.6199999999999
O000050,P00059,3,197.69,2.18,order_items.csv,2025-12-01,2026-03-29T16:56:28,590.89
O000050,P00055,1,420.46,120.94,order_items.csv,2025-12-01,2026-03-29T16:56:28,299.52
O000050,P00033,1,692.18,167.59,order_items.csv,2025-12-01,2026-03-29T16:56:28,524.5899999999999
O000050,P00017,2,407.29,121.86,order_items.csv,2025-12-01,2026-03-29T16:56:28,692.72
O000051,P00041,1,676.25,10.69,order_items.csv,2025-12-01,2026-03-29T16:56:28,665.56
O000051,P00030,2,375.34,48.0,order_items.csv,2025-12-01,2026-03-29T16:56:28,702.68
O000051,P00008,1,275.51,69.37,order_items.csv,2025-12-01,2026-03-29T16:56:28,206.14
O000051,P00019,1,512.88,39.44,order_items.csv,2025-12-01,2026-03-29T16:56:28,473.44
O000052,P00019,2,412.99,4.96,order_items.csv,2025-12-01,2026-03-29T16:56:28,821.02
O000052,P00023,3,356.15,12.43,order_items.csv,2025-12-01,2026-03-29T16:56:28,1056.0199999999998
O000052,P00034,3,257.81,17.79,order_items.csv,2025-12-01,2026-03-29T16:56:28,755.6400000000001
O000053,P00016,3,18.8,1.02,order_items.csv,2025-12-01,2026-03-29T16:56:28,55.38
O000053,P00017,2,695.82,200.45,order_items.csv,2025-12-01,2026-03-29T16:56:28,1191.19
O000053,P00046,1,722.86,147.06,order_items.csv,2025-12-01,2026-03-29T16:56:28,575.8
O000054,P00017,1,442.43,82.33,order_items.csv,2025-12-01,2026-03-29T16:56:28,360.1
O000055,P00014,1,378.18,12.13,order_items.csv,2025-12-01,2026-03-29T16:56:28,366.05
O000055,P00015,3,653.47,172.76,order_items.csv,2025-12-01,2026-03-29T16:56:28,1787.65
O000056,P00059,3,495.4,19.87,order_items.csv,2025-12-01,2026-03-29T16:56:28,1466.33
O000056,P00053,1,736.97,34.37,order_items.csv,2025-12-01,2026-03-29T16:56:28,702.6
O000057,P00038,2,160.04,11.32,order_items.csv,2025-12-01,2026-03-29T16:56:28,308.76
O000057,P00037,2,262.28,44.72,order_items.csv,2025-12-01,2026-03-29T16:56:28,479.8399999999999
O000057,P00029,1,193.39,33.23,order_items.csv,2025-12-01,2026-03-29T16:56:28,160.16
O000058,P00015,2,498.81,2.86,order_items.csv,2025-12-01,2026-03-29T16:56:28,994.76
O000059,P00017,2,289.12,51.61,order_items.csv,2025-12-01,2026-03-29T16:56:28,526.63
O000059,P00025,3,783.18,76.1,order_items.csv,2025-12-01,2026-03-29T16:56:28,2273.44
O000059,P00033,2,111.89,4.07,order_items.csv,2025-12-01,2026-03-29T16:56:28,219.71
O000060,P00020,2,303.12,80.48,order_items.csv,2025-12-01,2026-03-29T16:56:28,525.76
O000060,P00042,2,357.1,65.33,order_items.csv,2025-12-01,2026-03-29T16:56:28,648.87
O000060,P00056,1,562.92,81.66,order_items.csv,2025-12-01,2026-03-29T16:56:28,481.26
O000061,P00020,3,50.0,18.17,order_items.csv,2025-12-01,2026-03-29T16:56:28,131.82999999999998
O000063,P00035,3,505.61,6.76,order_items.csv,2025-12-01,2026-03-29T16:56:28,1510.07
O000063,P00026,2,185.99,29.92,order_items.csv,2025-12-01,2026-03-29T16:56:28,342.06
O000063,P00022,1,21.62,2.48,order_items.csv,2025-12-01,2026-03-29T16:56:28,19.14
O000064,P00023,1,39.52,11.05,order_items.csv,2025-12-01,2026-03-29T16:56:28,28.470000000000002
O000064,P00050,2,361.46,97.62,order_items.csv,2025-12-01,2026-03-29T16:56:28,625.3
O000065,P00055,1,502.67,21.67,order_items.csv,2025-12-01,2026-03-29T16:56:28,481.0
O000066,P00002,2,20.14,2.09,order_items.csv,2025-12-01,2026-03-29T16:56:28,38.19
O000067,P00006,3,604.54,11.23,order_items.csv,2025-12-01,2026-03-29T16:56:28,1802.3899999999999
O000067,P00022,2,611.25,158.02,order_items.csv,2025-12-01,2026-03-29T16:56:28,1064.48
O000068,P00034,2,640.64,109.47,order_items.csv,2025-12-01,2026-03-29T16:56:28,1171.81
O000069,P00059,1,228.49,46.67,order_items.csv,2025-12-01,2026-03-29T16:56:28,181.82
O000070,P00055,1,369.57,95.96,order_items.csv,2025-12-01,2026-03-29T16:56:28,273.61
O000070,P00054,3,482.73,126.85,order_items.csv,2025-12-01,2026-03-29T16:56:28,1321.3400000000001
O000071,P00022,2,426.6,78.03,order_items.csv,2025-12-01,2026-03-29T16:56:28,775.1700000000001
O000071,P00016,1,50.0,0.0,order_items.csv,2025-12-01,2026-03-29T16:56:28,50.0
O000072,P00047,1,474.06,69.69,order_items.csv,2025-12-01,2026-03-29T16:56:28,404.37
O000072,P00055,3,390.24,35.59,order_items.csv,2025-12-01,2026-03-29T16:56:28,1135.13
O000072,P00002,2,643.47,38.57,order_items.csv,2025-12-01,2026-03-29T16:56:28,1248.3700000000001
O000073,P00038,2,495.04,7.94,order_items.csv,2025-12-01,2026-03-29T16:56:28,982.14
O000073,P00017,0,57.69,10.33,order_items.csv,2025-12-01,2026-03-29T16:56:28,-10.33
O000073,P00060,2,25.41,6.61,order_items.csv,2025-12-01,2026-03-29T16:56:28,44.21
O000074,P00048,1,NULL,68.47,order_items.csv,2025-12-01,2026-03-29T16:56:28,NULL
O000074,P00032,1,554.25,91.97,order_items.csv,2025-12-01,2026-03-29T16:56:28,462.28
O000074,P00042,1,20.98,3.81,order_items.csv,2025-12-01,2026-03-29T16:56:28,17.17
O000074,P00046,2,NULL,146.41,order_items.csv,2025-12-01,2026-03-29T16:56:28,NULL
O000075,P00031,2,736.31,71.88,order_items.csv,2025-12-01,2026-03-29T16:56:28,1400.7399999999998
O000076,P00008,1,729.25,87.8,order_items.csv,2025-12-01,2026-03-29T16:56:28,641.45
O000077,P00029,1,395.65,29.3,order_items.csv,2025-12-01,2026-03-29T16:56:28,366.34999999999997
O000077,P00048,2,NULL,112.45,order_items.csv,2025-12-01,2026-03-29T16:56:28,NULL
O000077,P00015,2,171.38,46.43,order_items.csv,2025-12-01,2026-03-29T16:56:28,296.33
O000077,P00023,2,407.55,113.77,order_items.csv,2025-12-01,2026-03-29T16:56:28,701.33
O000078,P00006,3,433.85,38.16,order_items.csv,2025-12-01,2026-03-29T16:56:28,1263.39
O000078,P00044,2,50.58,3.85,order_items.csv,2025-12-01,2026-03-29T16:56:28,97.31
O000078,P00037,2,743.8,158.66,order_items.csv,2025-12-01,2026-03-29T16:56:28,1328.9399999999998
O000079,P00044,2,133.39,24.07,order_items.csv,2025-12-01,2026-03-29T16:56:28,242.70999999999998
O000079,P00013,1,244.63,67.71,order_items.csv,2025-12-01,2026-03-29T16:56:28,176.92000000000002
O000079,P00059,2,464.91,0.0,order_items.csv,2025-12-01,2026-03-29T16:56:28,929.82
O000080,P00025,2,315.08,2.7,order_items.csv,2025-12-01,2026-03-29T16:56:28,627.4599999999999
O000080,P00056,0,447.13,48.54,order_items.csv,2025-12-01,2026-03-29T16:56:28,-48.54
O000081,P00045,2,202.37,53.17,order_items.csv,2025-12-01,2026-03-29T16:56:28,351.57
O000081,P00034,2,19.72,2.51,order_items.csv,2025-12-01,2026-03-29T16:56:28,36.93
O000081,P00005,1,694.34,206.68,order_items.csv,2025-12-01,2026-03-29T16:56:28,487.66
O000082,P00015,3,375.71,99.67,order_items.csv,2025-12-01,2026-03-29T16:56:28,1027.4599999999998
O000083,P00002,1,702.44,30.86,order_items.csv,2025-12-01,2026-03-29T16:56:28,671.58
O000083,P00011,2,80.75,7.66,order_items.csv,2025-12-01,2026-03-29T16:56:28,153.84
O000083,P00025,3,447.9,69.99,order_items.csv,2025-12-01,2026-03-29T16:56:28,1273.7099999999998
O000084,P00033,1,539.01,7.22,order_items.csv,2025-12-01,2026-03-29T16:56:28,531.79
O000084,P00011,3,180.02,22.32,order_items.csv,2025-12-01,2026-03-29T16:56:28,517.74
O000084,P00024,3,206.52,54.75,order_items.csv,2025-12-01,2026-03-29T16:56:28,564.8100000000001
O000085,P00047,3,21.32,1.92,order_items.csv,2025-12-01,2026-03-29T16:56:28,62.04
O000085,P00024,2,38.23,9.29,order_items.csv,2025-12-01,2026-03-29T16:56:28,67.16999999999999
O000086,P00010,1,691.51,151.59,order_items.csv,2025-12-01,2026-03-29T16:56:28,539.92
O000086,P00047,1,609.19,171.33,order_items.csv,2025-12-01,2026-03-29T16:56:28,437.86
O000086,P00056,1,200.69,44.96,order_items.csv,2025-12-01,2026-03-29T16:56:28,155.73
O000086,P00029,3,372.14,19.67,order_items.csv,2025-12-01,2026-03-29T16:56:28,1096.75
O000087,P00021,1,434.93,2.01,order_items.csv,2025-12-01,2026-03-29T16:56:28,432.92
O000088,P00026,3,715.93,10.03,order_items.csv,2025-12-01,2026-03-29T16:56:28,2137.7599999999998
O000088,P00006,2,519.52,50.24,order_items.csv,2025-12-01,2026-03-29T16:56:28,988.8
O000088,P00041,2,770.73,109.57,order_items.csv,2025-12-01,2026-03-29T16:56:28,1431.89
O000089,P00022,2,480.02,90.08,order_items.csv,2025-12-01,2026-03-29T16:56:28,869.9599999999999
O000089,P00044,3,67.05,13.76,order_items.csv,2025-12-01,2026-03-29T16:56:28,187.39
O000089,P00046,2,537.41,61.57,order_items.csv,2025-12-01,2026-03-29T16:56:28,1013.2499999999999
O000090,P00011,3,513.26,28.36,order_items.csv,2025-12-01,2026-03-29T16:56:28,1511.42
O000091,P00057,2,179.03,45.58,order_items.csv,2025-12-01,2026-03-29T16:56:28,312.48
O000091,P00055,3,332.92,28.31,order_items.csv,2025-12-01,2026-03-29T16:56:28,970.45
O000092,P00056,1,586.45,44.43,order_items.csv,2025-12-01,2026-03-29T16:56:28,542.0200000000001
O000092,P00047,2,90.99,23.1,order_items.csv,2025-12-01,2026-03-29T16:56:28,158.88
O000092,P00042,3,276.03,42.41,order_items.csv,2025-12-01,2026-03-29T16:56:28,785.68
O000092,P00031,1,523.6,123.62,order_items.csv,2025-12-01,2026-03-29T16:56:28,399.98
O000093,P00048,1,450.05,26.5,order_items.csv,2025-12-01,2026-03-29T16:56:28,423.55
O000093,P00022,2,659.0,125.63,order_items.csv,2025-12-01,2026-03-29T16:56:28,1192.37
O000094,P00006,1,576.43,140.85,order_items.csv,2025-12-01,2026-03-29T16:56:28,435.5799999999999
O000095,P00021,3,80.81,21.67,order_items.csv,2025-12-01,2026-03-29T16:56:28,220.76
O000096,P00037,2,45.48,5.37,order_items.csv,2025-12-01,2026-03-29T16:56:28,85.58999999999999
O000096,P00018,1,148.82,6.12,order_items.csv,2025-12-01,2026-03-29T16:56:28,142.7
O000096,P00045,2,55.85,15.15,order_items.csv,2025-12-01,2026-03-29T16:56:28,96.55
O000096,P00017,1,142.93,26.99,order_items.csv,2025-12-01,2026-03-29T16:56:28,115.94000000000001
O000097,P00038,1,290.23,69.32,order_items.csv,2025-12-01,2026-03-29T16:56:28,220.91000000000003
O000097,P00060,1,86.61,12.18,order_items.csv,2025-12-01,2026-03-29T16:56:28,74.43
O000097,P00045,2,235.82,27.48,order_items.csv,2025-12-01,2026-03-29T16:56:28,444.15999999999997
O000098,P00039,3,86.85,10.98,order_items.csv,2025-12-01,2026-03-29T16:56:28,249.56999999999996
O000098,P00055,0,513.86,92.12,order_items.csv,2025-12-01,2026-03-29T16:56:28,-92.12
O000098,P00003,2,486.13,133.17,order_items.csv,2025-12-01,2026-03-29T16:56:28,839.09
O000098,P00025,1,455.44,112.08,order_items.csv,2025-12-01,2026-03-29T16:56:28,343.36
O000099,P00001,2,676.35,151.05,order_items.csv,2025-12-01,2026-03-29T16:56:28,1201.65
O000099,P00031,3,372.15,1.92,order_items.csv,2025-12-01,2026-03-29T16:56:28,1114.5299999999997
O000100,P00005,3,534.73,51.48,order_items.csv,2025-12-01,2026-03-29T16:56:28,1552.71
O000101,P00036,3,300.42,67.38,order_items.csv,2025-12-01,2026-03-29T16:56:28,833.88
O000101,P00010,3,291.93,82.99,order_items.csv,2025-12-01,2026-03-29T16:56:28,792.8
O000102,P00035,3,459.57,76.22,order_items.csv,2025-12-01,2026-03-29T16:56:28,1302.49
O000102,P00018,2,723.66,89.85,order_items.csv,2025-12-01,2026-03-29T16:56:28,1357.47
O000103,P00001,2,701.93,31.93,order_items.csv,2025-12-01,2026-03-29T16:56:28,1371.9299999999998
O000103,P00047,1,548.58,159.87,order_items.csv,2025-12-01,2026-03-29T16:56:28,388.71000000000004
O000103,P00025,2,300.09,17.54,order_items.csv,2025-12-01,2026-03-29T16:56:28,582.64
O000103,P00011,1,746.45,139.05,order_items.csv,2025-12-01,2026-03-29T16:56:28,607.4000000000001
O000104,P00006,3,625.13,179.84,order_items.csv,2025-12-01,2026-03-29T16:56:28,1695.55
O000104,P00040,3,653.43,167.96,order_items.csv,2025-12-01,2026-03-29T16:56:28,1792.33
O000105,P00056,3,300.01,65.28,order_items.csv,2025-12-01,2026-03-29T16:56:28,834.75
O000105,P00047,2,69.52,7.14,order_items.csv,2025-12-01,2026-03-29T16:56:28,131.9
O000106,P00021,1,395.65,11.22,order_items.csv,2025-12-01,2026-03-29T16:56:28,384.42999999999995
O000106,P00010,1,329.02,16.98,order_items.csv,2025-12-01,2026-03-29T16:56:28,312.03999999999996
O000106,P00059,1,728.63,77.51,order_items.csv,2025-12-01,2026-03-29T16:56:28,651.12
O000107,P00033,3,456.87,59.06,order_items.csv,2025-12-01,2026-03-29T16:56:28,1311.5500000000002
O000107,P00042,3,286.17,13.42,order_items.csv,2025-12-01,2026-03-29T16:56:28,845.09
O000107,P00026,3,229.04,46.54,order_items.csv,2025-12-01,2026-03-29T16:56:28,640.58
O000108,P00041,2,674.09,24.81,order_items.csv,2025-12-01,2026-03-29T16:56:28,1323.3700000000001
O000108,P00040,2,257.03,47.93,order_items.csv,2025-12-01,2026-03-29T16:56:28,466.12999999999994
O000108,P00039,3,303.39,43.18,order_items.csv,2025-12-01,2026-03-29T16:56:28,866.99
O000108,P00032,1,210.9,17.53,order_items.csv,2025-12-01,2026-03-29T16:56:28,193.37
O000109,P00052,2,613.21,80.32,order_items.csv,2025-12-01,2026-03-29T16:56:28,1146.1000000000001
O000109,P00013,3,633.6,181.32,order_items.csv,2025-12-01,2026-03-29T16:56:28,1719.4800000000002
O000109,P00045,2,110.71,31.02,order_items.csv,2025-12-01,2026-03-29T16:56:28,190.39999999999998
O000110,P00030,0,36.6,7.89,order_items.csv,2025-12-01,2026-03-29T16:56:28,-7.89
O000072,P00029,3,257.63,16.02,order_items.csv,2025-12-01,2026-03-29T16:56:28,756.87
O000060,P00023,1,602.39,112.66,order_items.csv,2025-12-01,2026-03-29T16:56:28,489.73
O000021,P00002,2,83.39,3.5,order_items.csv,2025-12-01,2026-03-29T16:56:28,163.28
O000013,P00018,3,248.53,14.02,order_items.csv,2025-12-01,2026-03-29T16:56:28,731.57
O000080,P00041,2,664.96,42.79,order_items.csv,2025-12-01,2026-03-29T16:56:28,1287.13
O000024,P00003,3,75.02,16.45,order_items.csv,2025-12-01,2026-03-29T16:56:28,208.61
O000094,P00025,1,77.53,14.25,order_items.csv,2025-12-01,2026-03-29T16:56:28,63.28
O000008,P00025,2,535.25,98.04,order_items.csv,2025-12-01,2026-03-29T16:56:28,972.46
O000104,P00042,2,306.29,73.8,order_items.csv,2025-12-01,2026-03-29T16:56:28,538.7800000000001
O000030,P00045,1,518.53,118.73,order_items.csv,2025-12-02,2026-03-29T16:56:48,399.79999999999995
O000030,P00037,1,533.51,69.81,order_items.csv,2025-12-02,2026-03-29T16:56:48,463.7
O000030,P00011,2,492.73,5.31,order_items.csv,2025-12-02,2026-03-29T16:56:48,980.1500000000001
O000030,P00010,2,565.11,158.32,order_items.csv,2025-12-02,2026-03-29T16:56:48,971.9000000000001
O000050,P00057,3,511.01,102.61,order_items.csv,2025-12-02,2026-03-29T16:56:48,1430.42
O000050,P00027,0,22.47,5.57,order_items.csv,2025-12-02,2026-03-29T16:56:48,-5.57
O000089,P00047,2,528.17,83.42,order_items.csv,2025-12-02,2026-03-29T16:56:48,972.92
O000089,P00027,2,27.89,2.15,order_items.csv,2025-12-02,2026-03-29T16:56:48,53.63
O000020,P00055,2,271.05,22.51,order_items.csv,2025-12-02,2026-03-29T16:56:48,519.59
O000091,P00019,1,339.2,56.33,order_items.csv,2025-12-02,2026-03-29T16:56:48,282.87
O000028,P00023,3,496.62,103.61,order_items.csv,2025-12-02,2026-03-29T16:56:48,1386.2500000000002
O000028,P00054,3,653.21,27.48,order_items.csv,2025-12-02,2026-03-29T16:56:48,1932.15
O000028,P00014,1,286.98,7.09,order_items.csv,2025-12-02,2026-03-29T16:56:48,279.89000000000004
O000009,P00060,1,185.36,13.92,order_items.csv,2025-12-02,2026-03-29T16:56:48,171.44000000000003
O000054,P00051,1,469.89,41.79,order_items.csv,2025-12-02,2026-03-29T16:56:48,428.09999999999997
O000054,P00058,2,449.51,63.85,order_items.csv,2025-12-02,2026-03-29T16:56:48,835.17
O000053,P00059,1,557.12,5.29,order_items.csv,2025-12-02,2026-03-29T16:56:48,551.83
O000043,P00054,3,100.25,11.8,order_items.csv,2025-12-02,2026-03-29T16:56:48,288.95
O000043,P00001,3,282.26,44.28,order_items.csv,2025-12-02,2026-03-29T16:56:48,802.5
O000043,P00056,1,509.42,137.24,order_items.csv,2025-12-02,2026-03-29T16:56:48,372.18
O000043,P00019,2,440.92,89.54,order_items.csv,2025-12-02,2026-03-29T16:56:48,792.3000000000001
O000070,P00022,2,690.98,108.17,order_items.csv,2025-12-02,2026-03-29T16:56:48,1273.79
O000070,P00019,1,413.43,94.86,order_items.csv,2025-12-02,2026-03-29T16:56:48,318.57
O000070,P00016,2,783.71,74.66,order_items.csv,2025-12-02,2026-03-29T16:56:48,1492.76
O000070,P00045,1,395.3,14.95,order_items.csv,2025-12-02,2026-03-29T16:56:48,380.35
O000060,P00016,2,164.26,10.47,order_items.csv,2025-12-02,2026-03-29T16:56:48,318.04999999999995
O000060,P00006,1,775.99,206.99,order_items.csv,2025-12-02,2026-03-29T16:56:48,569.0
O000060,P00003,3,672.92,99.74,order_items.csv,2025-12-02,2026-03-29T16:56:48,1919.0199999999998
O000103,P00012,2,701.32,5.75,order_items.csv,2025-12-02,2026-03-29T16:56:48,1396.89
O000103,P00027,3,486.95,117.75,order_items.csv,2025-12-02,2026-03-29T16:56:48,1343.1
O000103,P00045,3,475.17,126.14,order_items.csv,2025-12-02,2026-03-29T16:56:48,1299.37
O000103,P00059,1,771.8,133.17,order_items.csv,2025-12-02,2026-03-29T16:56:48,638.63
O000008,P00027,3,81.83,14.56,order_items.csv,2025-12-02,2026-03-29T16:56:48,230.93
O000008,P00006,2,720.15,13.25,order_items.csv,2025-12-02,2026-03-29T16:56:48,1427.05
O000008,P00032,3,394.1,59.34,order_items.csv,2025-12-02,2026-03-29T16:56:48,1122.9600000000003
O000027,P00058,2,794.84,112.88,order_items.csv,2025-12-02,2026-03-29T16:56:48,1476.8000000000002
O000027,P00003,1,727.93,137.75,order_items.csv,2025-12-02,2026-03-29T16:56:48,590.18
O000027,P00004,2,301.88,33.84,order_items.csv,2025-12-02,2026-03-29T16:56:48,569.92
O000027,P00010,3,118.44,8.29,order_items.csv,2025-12-02,2026-03-29T16:56:48,347.03
O000098,P00046,3,652.4,81.16,order_items.csv,2025-12-02,2026-03-29T16:56:48,1876.0399999999997
O000098,P00015,2,347.85,75.88,order_items.csv,2025-12-02,2026-03-29T16:56:48,619.82
O000098,P00034,2,752.33,63.52,order_items.csv,2025-12-02,2026-03-29T16:56:48,1441.14
O000098,P00006,3,207.82,29.3,order_items.csv,2025-12-02,2026-03-29T16:56:48,594.1600000000001
O000109,P00038,1,795.63,6.79,order_items.csv,2025-12-02,2026-03-29T16:56:48,788.84
O000075,P00042,1,220.32,34.47,order_items.csv,2025-12-02,2026-03-29T16:56:48,185.85
O000090,P00015,3,18.97,2.02,order_items.csv,2025-12-02,2026-03-29T16:56:48,54.88999999999999
O000003,P00022,2,746.08,148.33,order_items.csv,2025-12-02,2026-03-29T16:56:48,1343.8300000000002
O000003,P00050,1,684.78,111.44,order_items.csv,2025-12-02,2026-03-29T16:56:48,573.3399999999999
O000074,P00006,1,254.78,6.62,order_items.csv,2025-12-02,2026-03-29T16:56:48,248.16
O000074,P00044,2,280.21,75.06,order_items.csv,2025-12-02,2026-03-29T16:56:48,485.35999999999996
O000074,P00053,1,230.08,43.12,order_items.csv,2025-12-02,2026-03-29T16:56:48,186.96
O000049,P00044,2,320.9,36.47,order_items.csv,2025-12-02,2026-03-29T16:56:48,605.3299999999999
O000049,P00045,1,399.38,110.68,order_items.csv,2025-12-02,2026-03-29T16:56:48,288.7
O000049,P00035,3,569.46,153.62,order_items.csv,2025-12-02,2026-03-29T16:56:48,1554.7600000000002
O000062,P00038,0,321.98,0.0,order_items.csv,2025-12-02,2026-03-29T16:56:48,0.0
O000062,P00033,2,703.4,126.15,order_items.csv,2025-12-02,2026-03-29T16:56:48,1280.6499999999999
O000001,P00021,1,127.66,10.05,order_items.csv,2025-12-02,2026-03-29T16:56:48,117.61
O000001,P00001,3,353.43,31.4,order_items.csv,2025-12-02,2026-03-29T16:56:48,1028.8899999999999
O000001,P00017,3,709.22,204.94,order_items.csv,2025-12-02,2026-03-29T16:56:48,1922.7199999999998
O000046,P00027,2,415.03,71.56,order_items.csv,2025-12-02,2026-03-29T16:56:48,758.5
O000046,P00025,1,542.85,57.9,order_items.csv,2025-12-02,2026-03-29T16:56:48,484.95000000000005
O000046,P00058,3,372.93,52.5,order_items.csv,2025-12-02,2026-03-29T16:56:48,1066.29
O000046,P00013,1,606.99,37.45,order_items.csv,2025-12-02,2026-03-29T16:56:48,569.54
O2000001,P00040,1,741.08,219.02,order_items.csv,2025-12-02,2026-03-29T16:56:48,522.0600000000001
O2000001,P00011,3,129.77,2.47,order_items.csv,2025-12-02,2026-03-29T16:56:48,386.84000000000003
O2000001,P00046,2,109.78,6.21,order_items.csv,2025-12-02,2026-03-29T16:56:48,213.35
O2000002,P00054,3,400.75,76.75,order_items.csv,2025-12-02,2026-03-29T16:56:48,1125.5
O2000002,P00047,3,120.61,17.43,order_items.csv,2025-12-02,2026-03-29T16:56:48,344.4
O2000003,P00048,1,739.22,149.06,order_items.csv,2025-12-02,2026-03-29T16:56:48,590.1600000000001
O2000003,P00016,3,155.03,30.52,order_items.csv,2025-12-02,2026-03-29T16:56:48,434.57000000000005
O2000003,P00044,3,47.75,4.06,order_items.csv,2025-12-02,2026-03-29T16:56:48,139.19
O2000003,P00029,3,700.89,104.32,order_items.csv,2025-12-02,2026-03-29T16:56:48,1998.3500000000001
O2000004,P00032,1,646.03,94.31,order_items.csv,2025-12-02,2026-03-29T16:56:48,551.72
O2000004,P00028,3,798.62,151.42,order_items.csv,2025-12-02,2026-03-29T16:56:48,2244.44
O2000005,P00031,1,121.3,26.19,order_items.csv,2025-12-02,2026-03-29T16:56:48,95.11
O2000005,P00011,3,274.7,54.76,order_items.csv,2025-12-02,2026-03-29T16:56:48,769.3399999999999
O2000006,P00043,2,318.51,91.88,order_items.csv,2025-12-02,2026-03-29T16:56:48,545.14
O2000006,P00015,1,496.17,13.77,order_items.csv,2025-12-02,2026-03-29T16:56:48,482.40000000000003
O2000007,P00045,2,328.19,22.74,order_items.csv,2025-12-02,2026-03-29T16:56:48,633.64
O2000007,P00059,1,156.55,38.13,order_items.csv,2025-12-02,2026-03-29T16:56:48,118.42000000000002
O2000008,P00039,3,750.41,204.51,order_items.csv,2025-12-02,2026-03-29T16:56:48,2046.72
O2000008,P00051,3,274.44,27.27,order_items.csv,2025-12-02,2026-03-29T16:56:48,796.05
O2000008,P00041,3,419.65,110.71,order_items.csv,2025-12-02,2026-03-29T16:56:48,1148.2399999999998
O2000008,P00043,1,352.42,78.71,order_items.csv,2025-12-02,2026-03-29T16:56:48,273.71000000000004
O2000009,P00015,3,NULL,88.56,order_items.csv,2025-12-02,2026-03-29T16:56:48,NULL
O2000009,P00060,1,384.01,88.72,order_items.csv,2025-12-02,2026-03-29T16:56:48,295.28999999999996
O2000009,P00055,3,750.03,141.31,order_items.csv,2025-12-02,2026-03-29T16:56:48,2108.78
O2000009,P00057,3,763.7,81.38,order_items.csv,2025-12-02,2026-03-29T16:56:48,2209.7200000000003
O2000010,P00043,1,313.61,73.43,order_items.csv,2025-12-02,2026-03-29T16:56:48,240.18
O2000011,P00014,2,299.66,50.76,order_items.csv,2025-12-02,2026-03-29T16:56:48,548.5600000000001
O2000011,P00029,2,37.81,10.08,order_items.csv,2025-12-02,2026-03-29T16:56:48,65.54
O2000012,P00042,2,396.04,94.17,order_items.csv,2025-12-02,2026-03-29T16:56:48,697.9100000000001
O2000012,P00020,3,173.87,15.6,order_items.csv,2025-12-02,2026-03-29T16:56:48,506.01
O2000012,P00037,3,78.43,17.71,order_items.csv,2025-12-02,2026-03-29T16:56:48,217.58
O2000012,P00014,3,640.67,89.08,order_items.csv,2025-12-02,2026-03-29T16:56:48,1832.9299999999998
O2000013,P00024,1,726.02,132.47,order_items.csv,2025-12-02,2026-03-29T16:56:48,593.55
O2000013,P00037,2,528.26,63.41,order_items.csv,2025-12-02,2026-03-29T16:56:48,993.11
O2000013,P00039,2,479.65,31.98,order_items.csv,2025-12-02,2026-03-29T16:56:48,927.3199999999999
O2000013,P00028,2,389.76,86.83,order_items.csv,2025-12-02,2026-03-29T16:56:48,692.6899999999999
O2000014,P00056,1,258.65,74.25,order_items.csv,2025-12-02,2026-03-29T16:56:48,184.39999999999998
O2000015,P00020,3,703.18,49.71,order_items.csv,2025-12-02,2026-03-29T16:56:48,2059.83
O2000015,P00015,3,434.99,117.67,order_items.csv,2025-12-02,2026-03-29T16:56:48,1187.3
O2000015,P00044,3,605.56,48.56,order_items.csv,2025-12-02,2026-03-29T16:56:48,1768.12
O2000016,P00050,3,564.1,2.88,order_items.csv,2025-12-02,2026-03-29T16:56:48,1689.42
O2000016,P00013,3,218.45,4.37,order_items.csv,2025-12-02,2026-03-29T16:56:48,650.9799999999999
O2000016,P00033,3,494.24,22.06,order_items.csv,2025-12-02,2026-03-29T16:56:48,1460.66
O2000017,P00038,3,442.18,117.5,order_items.csv,2025-12-02,2026-03-29T16:56:48,1209.04
O2000017,P00020,3,NULL,118.04,order_items.csv,2025-12-02,2026-03-29T16:56:48,NULL
O2000018,P00014,3,252.58,25.44,order_items.csv,2025-12-02,2026-03-29T16:56:48,732.3
O2000018,P00047,2,40.02,11.46,order_items.csv,2025-12-02,2026-03-29T16:56:48,68.58000000000001
O2000019,P00052,3,306.28,18.72,order_items.csv,2025-12-02,2026-03-29T16:56:48,900.1199999999999
O2000019,P00043,3,597.93,93.24,order_items.csv,2025-12-02,2026-03-29T16:56:48,1700.55
O2000019,P00006,2,557.11,0.0,order_items.csv,2025-12-02,2026-03-29T16:56:48,1114.22
O2000019,P00021,1,170.46,14.32,order_items.csv,2025-12-02,2026-03-29T16:56:48,156.14000000000001
O2000020,P00035,2,417.02,17.62,order_items.csv,2025-12-02,2026-03-29T16:56:48,816.42
O2000021,P00044,3,575.59,124.72,order_items.csv,2025-12-02,2026-03-29T16:56:48,1602.05
O2000022,P00013,0,11.1,2.88,order_items.csv,2025-12-02,2026-03-29T16:56:48,-2.88
O2000022,P00034,2,110.0,29.87,order_items.csv,2025-12-02,2026-03-29T16:56:48,190.13
O2000022,P00037,1,547.44,133.55,order_items.csv,2025-12-02,2026-03-29T16:56:48,413.89000000000004
O2000022,P00019,3,63.15,6.04,order_items.csv,2025-12-02,2026-03-29T16:56:48,183.41
O2000023,P00018,2,737.61,70.06,order_items.csv,2025-12-02,2026-03-29T16:56:48,1405.16
O2000023,P00015,1,562.65,48.57,order_items.csv,2025-12-02,2026-03-29T16:56:48,514.0799999999999
O2000023,P00019,2,348.13,83.01,order_items.csv,2025-12-02,2026-03-29T16:56:48,613.25
O2000023,P00020,3,138.75,9.75,order_items.csv,2025-12-02,2026-03-29T16:56:48,406.5
O2000024,P00031,2,248.88,43.44,order_items.csv,2025-12-02,2026-03-29T16:56:48,454.32
O2000024,P00011,2,412.6,56.57,order_items.csv,2025-12-02,2026-03-29T16:56:48,768.63
O2000024,P00045,2,248.48,6.87,order_items.csv,2025-12-02,2026-03-29T16:56:48,490.09
O2000024,P00009,0,401.87,110.53,order_items.csv,2025-12-02,2026-03-29T16:56:48,-110.53
O2000025,P00039,2,566.28,10.14,order_items.csv,2025-12-02,2026-03-29T16:56:48,1122.4199999999998
O2000025,P00048,1,270.2,65.4,order_items.csv,2025-12-02,2026-03-29T16:56:48,204.79999999999998
O2000026,P00005,2,716.78,52.68,order_items.csv,2025-12-02,2026-03-29T16:56:48,1380.8799999999999
O2000026,P00039,2,429.34,24.63,order_items.csv,2025-12-02,2026-03-29T16:56:48,834.05
O2000027,P00042,2,NULL,83.3,order_items.csv,2025-12-02,2026-03-29T16:56:48,NULL
O2000028,P00028,1,74.96,2.48,order_items.csv,2025-12-02,2026-03-29T16:56:48,72.47999999999999
O2000028,P00057,2,658.8,61.7,order_items.csv,2025-12-02,2026-03-29T16:56:48,1255.8999999999999
O2000029,P00028,3,NULL,4.19,order_items.csv,2025-12-02,2026-03-29T16:56:48,NULL
O2000029,P00037,3,32.64,3.16,order_items.csv,2025-12-02,2026-03-29T16:56:48,94.76
O2000029,P00026,2,322.55,73.2,order_items.csv,2025-12-02,2026-03-29T16:56:48,571.9
O2000030,P00025,1,240.83,27.67,order_items.csv,2025-12-02,2026-03-29T16:56:48,213.16000000000003
O2000030,P00026,2,472.67,71.46,order_items.csv,2025-12-02,2026-03-29T16:56:48,873.88
O2000030,P00045,1,351.35,26.33,order_items.csv,2025-12-02,2026-03-29T16:56:48,325.02000000000004
O2000030,P00051,2,300.76,36.89,order_items.csv,2025-12-02,2026-03-29T16:56:48,564.63
O2000031,P00058,2,80.51,11.81,order_items.csv,2025-12-02,2026-03-29T16:56:48,149.21
O2000031,P00048,3,224.36,5.34,order_items.csv,2025-12-02,2026-03-29T16:56:48,667.74
O2000031,P00012,1,460.52,136.11,order_items.csv,2025-12-02,2026-03-29T16:56:48,324.40999999999997
O2000032,P00008,3,686.83,29.43,order_items.csv,2025-12-02,2026-03-29T16:56:48,2031.0600000000002
O2000032,P00027,1,376.52,63.84,order_items.csv,2025-12-02,2026-03-29T16:56:48,312.67999999999995
O2000033,P00013,2,295.33,28.72,order_items.csv,2025-12-02,2026-03-29T16:56:48,561.9399999999999
O2000034,P00039,3,167.9,6.09,order_items.csv,2025-12-02,2026-03-29T16:56:48,497.61000000000007
O2000035,P00018,3,505.77,6.69,order_items.csv,2025-12-02,2026-03-29T16:56:48,1510.62
O2000035,P00060,1,727.71,21.07,order_items.csv,2025-12-02,2026-03-29T16:56:48,706.64
O2000035,P00050,2,206.84,32.99,order_items.csv,2025-12-02,2026-03-29T16:56:48,380.69
O2000036,P00004,2,383.76,3.11,order_items.csv,2025-12-02,2026-03-29T16:56:48,764.41
O2000037,P00019,3,571.36,154.89,order_items.csv,2025-12-02,2026-03-29T16:56:48,1559.19
O2000037,P00046,1,659.54,172.47,order_items.csv,2025-12-02,2026-03-29T16:56:48,487.06999999999994
O2000037,P00030,1,145.19,9.58,order_items.csv,2025-12-02,2026-03-29T16:56:48,135.60999999999999
O2000037,P00010,2,700.95,50.23,order_items.csv,2025-12-02,2026-03-29T16:56:48,1351.67
O2000038,P00035,3,416.46,91.5,order_items.csv,2025-12-02,2026-03-29T16:56:48,1157.8799999999999
O2000038,P00032,3,539.49,43.56,order_items.csv,2025-12-02,2026-03-29T16:56:48,1574.91
O2000038,P00021,1,472.59,105.26,order_items.csv,2025-12-02,2026-03-29T16:56:48,367.33
O2000039,P00057,1,758.69,95.6,order_items.csv,2025-12-02,2026-03-29T16:56:48,663.09
O2000039,P00012,2,56.06,14.55,order_items.csv,2025-12-02,2026-03-29T16:56:48,97.57000000000001
O2000039,P00008,1,NULL,201.86,order_items.csv,2025-12-02,2026-03-29T16:56:48,NULL
O2000040,P00018,3,12.94,0.0,order_items.csv,2025-12-02,2026-03-29T16:56:48,38.82
O2000040,P00038,2,792.91,155.05,order_items.csv,2025-12-02,2026-03-29T16:56:48,1430.77
O2000040,P00014,3,123.53,4.29,order_items.csv,2025-12-02,2026-03-29T16:56:48,366.3
O2000041,P00037,2,79.96,14.04,order_items.csv,2025-12-02,2026-03-29T16:56:48,145.88
O2000041,P00021,3,84.74,8.09,order_items.csv,2025-12-02,2026-03-29T16:56:48,246.12999999999997
O2000041,P00040,1,425.32,53.21,order_items.csv,2025-12-02,2026-03-29T16:56:48,372.11
O2000042,P00052,1,688.46,13.72,order_items.csv,2025-12-02,2026-03-29T16:56:48,674.74
O2000042,P00054,1,30.57,6.89,order_items.csv,2025-12-02,2026-03-29T16:56:48,23.68
O2000043,P00025,1,569.62,2.1,order_items.csv,2025-12-02,2026-03-29T16:56:48,567.52
O2000043,P00028,3,369.7,7.34,order_items.csv,2025-12-02,2026-03-29T16:56:48,1101.76
O2000044,P00022,3,478.63,138.16,order_items.csv,2025-12-02,2026-03-29T16:56:48,1297.7299999999998
O2000044,P00048,2,169.27,33.04,order_items.csv,2025-12-02,2026-03-29T16:56:48,305.5
O2000044,P00017,2,389.36,111.0,order_items.csv,2025-12-02,2026-03-29T16:56:48,667.72
O2000044,P00003,2,78.83,19.16,order_items.csv,2025-12-02,2026-03-29T16:56:48,138.5
O2000045,P00033,2,649.23,98.77,order_items.csv,2025-12-02,2026-03-29T16:56:48,1199.69
O2000045,P00022,1,726.57,198.82,order_items.csv,2025-12-02,2026-03-29T16:56:48,527.75
O2000046,P00026,1,256.37,30.9,order_items.csv,2025-12-02,2026-03-29T16:56:48,225.47
O2000046,P00035,3,521.69,150.51,order_items.csv,2025-12-02,2026-03-29T16:56:48,1414.5600000000002
O2000047,P00017,1,53.95,11.88,order_items.csv,2025-12-02,2026-03-29T16:56:48,42.07
O2000047,P00023,1,467.27,138.47,order_items.csv,2025-12-02,2026-03-29T16:56:48,328.79999999999995
O2000047,P00046,3,195.38,1.86,order_items.csv,2025-12-02,2026-03-29T16:56:48,584.28
O2000048,P00034,2,781.75,203.97,order_items.csv,2025-12-02,2026-03-29T16:56:48,1359.53
O2000048,P00026,1,688.43,117.63,order_items.csv,2025-12-02,2026-03-29T16:56:48,570.8
O2000048,P00035,2,68.94,15.05,order_items.csv,2025-12-02,2026-03-29T16:56:48,122.83
O2000048,P00045,3,64.67,18.07,order_items.csv,2025-12-02,2026-03-29T16:56:48,175.94
O2000049,P00053,3,789.68,201.32,order_items.csv,2025-12-02,2026-03-29T16:56:48,2167.72
O2000049,P00014,3,744.3,163.16,order_items.csv,2025-12-02,2026-03-29T16:56:48,2069.74
O2000049,P00019,1,194.97,40.15,order_items.csv,2025-12-02,2026-03-29T16:56:48,154.82
O2000050,P00013,1,626.51,42.99,order_items.csv,2025-12-02,2026-03-29T16:56:48,583.52
O2000050,P00004,1,451.57,77.06,order_items.csv,2025-12-02,2026-03-29T16:56:48,374.51
O2000050,P00036,3,32.5,3.86,order_items.csv,2025-12-02,2026-03-29T16:56:48,93.64
O2000050,P00020,3,704.15,192.33,order_items.csv,2025-12-02,2026-03-29T16:56:48,1920.12
O2000051,P00030,2,718.28,155.29,order_items.csv,2025-12-02,2026-03-29T16:56:48,1281.27
O2000051,P00019,2,79.91,19.67,order_items.csv,2025-12-02,2026-03-29T16:56:48,140.14999999999998
O2000051,P00022,2,495.43,5.0,order_items.csv,2025-12-02,2026-03-29T16:56:48,985.86
O2000051,P00009,1,30.0,3.36,order_items.csv,2025-12-02,2026-03-29T16:56:48,26.64
O2000052,P00029,1,758.26,119.16,order_items.csv,2025-12-02,2026-03-29T16:56:48,639.1
O2000052,P00025,1,196.8,7.76,order_items.csv,2025-12-02,2026-03-29T16:56:48,189.04000000000002
O2000052,P00048,1,19.32,0.1,order_items.csv,2025-12-02,2026-03-29T16:56:48,19.22
O2000053,P00028,3,271.74,67.9,order_items.csv,2025-12-02,2026-03-29T16:56:48,747.32
O2000054,P00038,1,159.01,2.55,order_items.csv,2025-12-02,2026-03-29T16:56:48,156.45999999999998
O2000054,P00044,2,NULL,177.01,order_items.csv,2025-12-02,2026-03-29T16:56:48,NULL
O2000054,P00039,3,173.51,11.9,order_items.csv,2025-12-02,2026-03-29T16:56:48,508.63
O2000055,P00040,1,636.83,30.81,order_items.csv,2025-12-02,2026-03-29T16:56:48,606.0200000000001
O2000055,P00003,3,522.13,154.86,order_items.csv,2025-12-02,2026-03-29T16:56:48,1411.5299999999997
O2000055,P00060,1,116.92,10.11,order_items.csv,2025-12-02,2026-03-29T16:56:48,106.81
O2000055,P00009,2,586.46,168.64,order_items.csv,2025-12-02,2026-03-29T16:56:48,1004.2800000000001
O2000056,P00008,2,457.85,23.73,order_items.csv,2025-12-02,2026-03-29T16:56:48,891.97
O2000056,P00017,1,94.81,11.57,order_items.csv,2025-12-02,2026-03-29T16:56:48,83.24000000000001
O2000056,P00030,3,202.28,40.67,order_items.csv,2025-12-02,2026-03-29T16:56:48,566.1700000000001
O2000058,P00026,1,538.58,128.2,order_items.csv,2025-12-02,2026-03-29T16:56:48,410.38000000000005
O2000058,P00046,2,229.38,34.67,order_items.csv,2025-12-02,2026-03-29T16:56:48,424.09
O2000058,P00020,1,751.83,181.58,order_items.csv,2025-12-02,2026-03-29T16:56:48,570.25
O2000059,P00001,2,721.3,142.77,order_items.csv,2025-12-02,2026-03-29T16:56:48,1299.83
O2000060,P00025,2,28.84,4.57,order_items.csv,2025-12-02,2026-03-29T16:56:48,53.11
O2000060,P00047,1,615.86,0.0,order_items.csv,2025-12-02,2026-03-29T16:56:48,615.86
O2000060,P00036,2,713.69,200.45,order_items.csv,2025-12-02,2026-03-29T16:56:48,1226.93
O2000061,P00019,1,244.74,62.82,order_items.csv,2025-12-02,2026-03-29T16:56:48,181.92000000000002
O2000062,P00056,3,604.45,25.33,order_items.csv,2025-12-02,2026-03-29T16:56:48,1788.0200000000002
O2000063,P00027,1,71.05,4.04,order_items.csv,2025-12-02,2026-03-29T16:56:48,67.00999999999999
O2000063,P00029,3,428.71,0.65,order_items.csv,2025-12-02,2026-03-29T16:56:48,1285.4799999999998
O2000064,P00017,1,638.51,60.37,order_items.csv,2025-12-02,2026-03-29T16:56:48,578.14
O2000065,P00002,3,499.55,10.61,order_items.csv,2025-12-02,2026-03-29T16:56:48,1488.0400000000002
O2000065,P00044,3,307.65,57.95,order_items.csv,2025-12-02,2026-03-29T16:56:48,864.9999999999999
O2000065,P00001,2,783.94,61.77,order_items.csv,2025-12-02,2026-03-29T16:56:48,1506.1100000000001
O2000066,P00012,3,600.26,87.32,order_items.csv,2025-12-02,2026-03-29T16:56:48,1713.46
O2000066,P00035,2,391.11,16.15,order_items.csv,2025-12-02,2026-03-29T16:56:48,766.07
O2000066,P00058,1,296.38,42.66,order_items.csv,2025-12-02,2026-03-29T16:56:48,253.72
O2000067,P00019,1,392.91,92.88,order_items.csv,2025-12-02,2026-03-29T16:56:48,300.03000000000003
O2000068,P00003,2,735.35,99.56,order_items.csv,2025-12-02,2026-03-29T16:56:48,1371.14
O2000068,P00010,1,480.3,78.18,order_items.csv,2025-12-02,2026-03-29T16:56:48,402.12
O2000068,P00054,2,708.51,64.51,order_items.csv,2025-12-02,2026-03-29T16:56:48,1352.51
O2000068,P00056,1,16.08,3.98,order_items.csv,2025-12-02,2026-03-29T16:56:48,12.099999999999998
O2000069,P00015,3,741.7,200.4,order_items.csv,2025-12-02,2026-03-29T16:56:48,2024.7000000000003
O2000069,P00049,2,622.49,114.3,order_items.csv,2025-12-02,2026-03-29T16:56:48,1130.68
O2000070,P00010,1,145.47,7.42,order_items.csv,2025-12-02,2026-03-29T16:56:48,138.05
O2000070,P00054,3,229.36,30.7,order_items.csv,2025-12-02,2026-03-29T16:56:48,657.38
O2000071,P00050,1,261.62,37.8,order_items.csv,2025-12-02,2026-03-29T16:56:48,223.82
O2000072,P00043,3,353.59,64.71,order_items.csv,2025-12-02,2026-03-29T16:56:48,996.06
O2000072,P00034,3,607.75,154.37,order_items.csv,2025-12-02,2026-03-29T16:56:48,1668.88
O2000072,P00013,0,159.89,7.52,order_items.csv,2025-12-02,2026-03-29T16:56:48,-7.52
O2000073,P00054,0,493.11,114.41,order_items.csv,2025-12-02,2026-03-29T16:56:48,-114.41
O2000074,P00028,2,197.49,40.77,order_items.csv,2025-12-02,2026-03-29T16:56:48,354.21000000000004
O2000074,P00054,2,NULL,132.1,order_items.csv,2025-12-02,2026-03-29T16:56:48,NULL
O2000074,P00036,3,439.89,126.13,order_items.csv,2025-12-02,2026-03-29T16:56:48,1193.54
O2000075,P00042,2,279.15,46.31,order_items.csv,2025-12-02,2026-03-29T16:56:48,511.98999999999995
O2000076,P00045,2,424.66,7.15,order_items.csv,2025-12-02,2026-03-29T16:56:48,842.1700000000001
O2000076,P00044,2,585.42,17.09,order_items.csv,2025-12-02,2026-03-29T16:56:48,1153.75
O2000076,P00011,2,NULL,45.8,order_items.csv,2025-12-02,2026-03-29T16:56:48,NULL
O2000077,P00011,1,219.61,21.31,order_items.csv,2025-12-02,2026-03-29T16:56:48,198.3
O2000077,P00030,2,417.87,95.99,order_items.csv,2025-12-02,2026-03-29T16:56:48,739.75
O2000077,P00026,2,146.13,33.67,order_items.csv,2025-12-02,2026-03-29T16:56:48,258.59
O2000078,P00042,3,137.22,1.46,order_items.csv,2025-12-02,2026-03-29T16:56:48,410.2
O2000079,P00055,3,590.3,69.63,order_items.csv,2025-12-02,2026-03-29T16:56:48,1701.27
O2000080,P00044,3,647.71,100.9,order_items.csv,2025-12-02,2026-03-29T16:56:48,1842.23
O2000081,P00030,3,218.34,11.97,order_items.csv,2025-12-02,2026-03-29T16:56:48,643.05
O2000082,P00057,1,271.33,5.41,order_items.csv,2025-12-02,2026-03-29T16:56:48,265.91999999999996
O2000082,P00049,1,304.54,15.25,order_items.csv,2025-12-02,2026-03-29T16:56:48,289.29
O2000083,P00020,3,144.36,0.3,order_items.csv,2025-12-02,2026-03-29T16:56:48,432.78000000000003
O2000083,P00043,1,777.93,203.83,order_items.csv,2025-12-02,2026-03-29T16:56:48,574.0999999999999
O2000083,P00048,2,95.1,12.26,order_items.csv,2025-12-02,2026-03-29T16:56:48,177.94
O2000084,P00041,1,64.35,7.55,order_items.csv,2025-12-02,2026-03-29T16:56:48,56.8
O2000084,P00047,3,115.46,10.69,order_items.csv,2025-12-02,2026-03-29T16:56:48,335.69
O2000084,P00048,2,485.7,92.47,order_items.csv,2025-12-02,2026-03-29T16:56:48,878.93
O2000085,P00034,2,18.79,5.3,order_items.csv,2025-12-02,2026-03-29T16:56:48,32.28
O2000085,P00026,3,180.11,3.38,order_items.csv,2025-12-02,2026-03-29T16:56:48,536.95
O2000086,P00029,1,68.93,5.54,order_items.csv,2025-12-02,2026-03-29T16:56:48,63.39000000000001
O2000086,P00043,1,601.85,115.69,order_items.csv,2025-12-02,2026-03-29T16:56:48,486.16
O2000086,P00042,2,589.91,161.52,order_items.csv,2025-12-02,2026-03-29T16:56:48,1018.3
O2000086,P00013,2,57.68,0.38,order_items.csv,2025-12-02,2026-03-29T16:56:48,114.98
O2000087,P00005,3,387.96,31.96,order_items.csv,2025-12-02,2026-03-29T16:56:48,1131.9199999999998
O2000087,P00027,3,29.98,1.67,order_items.csv,2025-12-02,2026-03-29T16:56:48,88.27
O2000088,P00054,1,465.79,82.94,order_items.csv,2025-12-02,2026-03-29T16:56:48,382.85
O2000088,P00019,0,99.18,5.74,order_items.csv,2025-12-02,2026-03-29T16:56:48,-5.74
O2000089,P00057,3,89.67,1.17,order_items.csv,2025-12-02,2026-03-29T16:56:48,267.84
O2000089,P00019,3,35.52,8.87,order_items.csv,2025-12-02,2026-03-29T16:56:48,97.69
O2000090,P00042,1,151.17,2.43,order_items.csv,2025-12-02,2026-03-29T16:56:48,148.73999999999998
O2000090,P00024,1,465.92,46.96,order_items.csv,2025-12-02,2026-03-29T16:56:48,418.96000000000004
O2000090,P00004,2,236.94,20.6,order_items.csv,2025-12-02,2026-03-29T16:56:48,453.28
O2000091,P00052,1,267.08,38.57,order_items.csv,2025-12-02,2026-03-29T16:56:48,228.51
O2000091,P00053,3,330.11,73.41,order_items.csv,2025-12-02,2026-03-29T16:56:48,916.9200000000001
O2000091,P00049,1,224.02,66.6,order_items.csv,2025-12-02,2026-03-29T16:56:48,157.42000000000002
O2000091,P00001,1,334.99,5.49,order_items.csv,2025-12-02,2026-03-29T16:56:48,329.5
O2000092,P00028,3,681.25,65.07,order_items.csv,2025-12-02,2026-03-29T16:56:48,1978.68
O2000092,P00059,2,696.88,109.31,order_items.csv,2025-12-02,2026-03-29T16:56:48,1284.45
O2000093,P00057,0,423.31,100.63,order_items.csv,2025-12-02,2026-03-29T16:56:48,-100.63
O2000093,P00004,3,565.0,48.0,order_items.csv,2025-12-02,2026-03-29T16:56:48,1647.0
O2000094,P00017,1,15.04,3.27,order_items.csv,2025-12-02,2026-03-29T16:56:48,11.77
O2000094,P00008,3,153.48,9.07,order_items.csv,2025-12-02,2026-03-29T16:56:48,451.36999999999995
O2000095,P00030,3,711.51,206.11,order_items.csv,2025-12-02,2026-03-29T16:56:48,1928.4199999999996
O2000095,P00022,1,363.88,64.14,order_items.csv,2025-12-02,2026-03-29T16:56:48,299.74
O2000095,P00008,2,451.79,123.91,order_items.csv,2025-12-02,2026-03-29T16:56:48,779.6700000000001
O2000095,P00024,3,657.25,107.74,order_items.csv,2025-12-02,2026-03-29T16:56:48,1864.01
O2000069,P00001,2,393.52,16.63,order_items.csv,2025-12-02,2026-03-29T16:56:48,770.41
O2000015,P00040,2,582.15,147.52,order_items.csv,2025-12-02,2026-03-29T16:56:48,1016.78
O2000031,P00021,3,457.79,118.74,order_items.csv,2025-12-02,2026-03-29T16:56:48,1254.63
O2000057,P00056,1,256.29,62.7,order_items.csv,2025-12-02,2026-03-29T16:56:48,193.59000000000003
O2000064,P00011,1,188.08,0.0,order_items.csv,2025-12-02,2026-03-29T16:56:48,188.08
O2000067,P00026,2,30.29,3.07,order_items.csv,2025-12-02,2026-03-29T16:56:48,57.51
O000053,P00057,3,704.34,15.77,order_items.csv,2025-12-02,2026-03-29T16:56:48,2097.25
O2000081,P00055,2,224.62,16.66,order_items.csv,2025-12-02,2026-03-29T16:56:48,432.58
O2000018,P00015,1,86.07,11.72,order_items.csv,2025-12-02,2026-03-29T16:56:48,74.35
O2000084,P00033,1,235.37,57.11,order_items.csv,2025-12-02,2026-03-29T16:56:48,178.26
