order_id,customer_id,order_date,order_ts,order_year,order_month,order_year_month,order_weekday,gross_amount,discount_total,discount_pct,net_amount,items_count,total_units,avg_unit_price,payment_method,status_final,carrier,shipping_cost,shipping_pct_net,shipped_date,shipped_ts,delivered_date,delivered_ts,days_to_ship,delivery_time_hours,is_late,is_delivered,is_returned,delivery_status
O000002,C00080,2025-12-01,2025-12-01 05:57:00,2025.0,12.0,2025-12,Monday,273.29,50.29,0.184,366.36,1,1,366.36,credit_card,created,,,,,,,,,,False,False,False,
O000004,C00029,2025-12-01,2025-12-01 23:51:00,2025.0,12.0,2025-12,Monday,390.82,94.05,0.2406,1645.92,3,8,205.74,credit_card,paid,TOTAL EXPRESS,34.36,0.0209,2025-12-02,2025-12-02 19:32:00,2025-12-06,2025-12-06 22:50:00,0.82,99.3,True,False,False,
O000005,C00036,2025-12-01,2025-12-01 11:07:00,2025.0,12.0,2025-12,Monday,254.92,268.64,1.0538,3877.57,3,7,553.94,,shipped,,49.82,0.0128,2025-12-01,2025-12-01 04:26:00,,,-0.28,,False,False,False,
O000006,C00014,2025-12-01,2025-12-01 06:12:00,2025.0,12.0,2025-12,Monday,997.05,163.9,0.1644,2233.07,1,3,744.36,credit_card,paid,,56.35,0.0252,2025-12-02,2025-12-02 10:05:00,2025-12-07,2025-12-07 04:39:00,1.16,114.57,True,False,False,
O000007,C00080,2025-12-01,2025-12-01 17:11:00,2025.0,12.0,2025-12,Monday,661.65,30.86,0.0466,1150.12,1,3,383.37,credit_card,shipped,CORREIOS,54.04,0.047,2025-12-01,2025-12-01 02:02:00,,,-0.63,,False,False,False,in_transit
O000010,C00070,2025-12-01,2025-12-01 11:15:00,2025.0,12.0,2025-12,Monday,84.28,332.90999999999997,3.95,2843.75,4,8,355.47,boleto,shipped,CORREIOS,26.67,0.0094,2025-12-02,2025-12-02 02:25:00,2025-12-05,2025-12-05 10:19:00,0.63,79.9,True,False,False,label_created
O000011,C00071,2025-12-01,2025-12-01 01:29:00,2025.0,12.0,2025-12,Monday,255.52,228.44,0.894,2337.27,3,6,389.54,credit_card,delivered,,39.72,0.017,,,2025-12-06,2025-12-06 12:26:00,,,False,False,False,label_created
O000012,C00093,2025-12-01,2025-12-01 11:37:00,2025.0,12.0,2025-12,Monday,240.81,235.93,0.9797,2234.96,3,6,372.49,credit_card,paid,,,,,,,,,,False,False,False,
O000013,C00119,2025-12-01,2025-12-01 22:19:00,2025.0,12.0,2025-12,Monday,951.24,143.95000000000002,0.1513,2065.93,4,8,258.24,pix,delivered,CORREIOS,14.02,0.0068,2025-12-01,2025-12-01 10:00:00,,,-0.51,,False,False,True,returned
O000014,C00055,2025-12-01,2025-12-01 20:01:00,2025.0,12.0,2025-12,Monday,321.35,203.22,0.6324,1349.08,1,2,674.54,debit_card,cancelled,TOTAL EXPRESS,34.66,0.0257,2025-12-02,2025-12-02 02:17:00,2025-12-07,2025-12-07 03:17:00,0.26,121.0,True,False,False,label_created
O000015,C00075,2025-12-01,2025-12-01 08:59:00,2025.0,12.0,2025-12,Monday,449.47,73.75,0.1641,1055.33,2,4,263.83,pix,delivered,JADLOG,4.96,0.0047,2025-12-02,2025-12-02 02:46:00,,,0.74,,False,True,False,delivered
O000017,C00112,2025-12-01,2025-12-01 14:28:00,2025.0,12.0,2025-12,Monday,394.79,46.57,0.118,740.71,2,3,246.9,credit_card,cancelled,,10.12,0.0137,2025-12-01,2025-12-01 08:49:00,2025-12-07,2025-12-07 19:29:00,-0.24,154.67,True,False,False,
O000018,C00059,2025-12-01,2025-12-01 00:40:00,2025.0,12.0,2025-12,Monday,18.29,246.73,13.4899,5074.13,4,11,461.28,boleto,shipped,,4.66,0.0009,,,2025-12-04,2025-12-04 23:54:00,,,False,False,False,
O000021,C00116,2025-12-01,2025-12-01 15:58:00,2025.0,12.0,2025-12,Monday,85.51,187.5,2.1927,1274.3,4,7,182.04,credit_card,,,,,,,,,,,False,False,False,
O000022,C00056,2025-12-01,2025-12-01 19:28:00,2025.0,12.0,2025-12,Monday,200.44,289.91999999999996,1.4464,4628.68,3,7,661.24,pix,shipped,,,,,,,,,,False,False,False,
O000025,C00018,2025-12-01,2025-12-01 07:40:00,2025.0,12.0,2025-12,Monday,,106.48,0.0,820.1,1,2,410.05,pix,paid,,31.97,0.039,2025-12-02,2025-12-02 22:28:00,,,1.62,,False,False,False,label_created
O000026,C00114,2025-12-01,2025-12-01 12:11:00,2025.0,12.0,2025-12,Monday,319.84,360.52000000000004,1.1272,4749.86,4,12,395.82,credit_card,created,,,,,,,,,,False,False,False,
O000029,C00105,2025-12-01,2025-12-01 15:08:00,2025.0,12.0,2025-12,Monday,130.26,77.67,0.5963,867.9,3,3,289.3,pix,paid,CORREIOS,,,2025-12-01,2025-12-01 06:42:00,2025-12-01,2025-12-01 21:00:00,-0.35,14.3,False,False,False,lost
O000031,C00025,2025-12-01,2025-12-01 06:29:00,2025.0,12.0,2025-12,Monday,205.69,129.74,0.6308,685.54,3,4,171.38,credit_card,delivered,TOTAL EXPRESS,45.11,0.0658,2025-12-01,2025-12-01 20:20:00,,,0.58,,False,False,False,lost
O000032,C00043,2025-12-01,2025-12-01 14:42:00,2025.0,12.0,2025-12,Monday,250.39,253.07,1.0107,2836.7200000000003,3,7,405.25,credit_card,paid,LOGGI,15.79,0.0056,2025-12-01,2025-12-01 19:07:00,,,0.18,,False,False,False,
O000033,C00105,2025-12-01,2025-12-01 04:15:00,2025.0,12.0,2025-12,Monday,964.74,199.32999999999998,0.2066,2900.7599999999998,4,8,362.6,credit_card,paid,,1.6,0.0006,2025-12-02,2025-12-02 11:39:00,2025-12-03,2025-12-03 22:36:00,1.31,34.95,False,False,False,in_transit
O000034,C00076,2025-12-01,2025-12-01 11:48:00,2025.0,12.0,2025-12,Monday,87.1,20.61,0.2366,2103.51,2,6,350.58,credit_card,cancelled,,17.72,0.0084,2025-12-02,2025-12-02 16:41:00,,,1.2,,False,True,False,delivered
O000035,C00106,2025-12-01,2025-12-01 07:29:00,2025.0,12.0,2025-12,Monday,537.5,209.57,0.3899,5377.72,4,10,537.77,,shipped,CORREIOS,18.96,0.0035,2025-12-01,2025-12-01 22:42:00,2025-12-07,2025-12-07 17:06:00,0.63,138.4,True,False,False,lost
O000036,C00112,2025-12-01,2025-12-01 00:09:00,2025.0,12.0,2025-12,Monday,9.7,118.18,12.1835,2738.2699999999995,3,7,391.18,credit_card,delivered,,34.49,0.0126,,,,,,,False,False,False,lost
O000037,C00018,,,,,,,81.09,10.8,0.1332,827.62,1,2,413.81,boleto,paid,JADLOG,19.46,0.0235,2025-12-01,2025-12-01 02:38:00,2025-12-01,2025-12-01 09:49:00,,7.18,False,True,False,delivered
O000038,C00016,2025-12-01,2025-12-01 13:17:00,2025.0,12.0,2025-12,Monday,0.0,216.61,0.0,2491.62,2,5,498.32,credit_card,paid,CORREIOS,12.5,0.005,2025-12-01,2025-12-01 03:45:00,2025-12-03,2025-12-03 23:45:00,-0.4,68.0,False,False,False,in_transit
O000039,C00022,,,,,,,200.31,42.79,0.2136,665.46,1,1,665.46,pix,created,TOTAL EXPRESS,34.2,0.0514,2025-12-02,2025-12-02 01:35:00,2025-12-07,2025-12-07 00:23:00,,118.8,True,False,False,lost
O000040,C00074,2025-12-01,2025-12-01 21:14:00,2025.0,12.0,2025-12,Monday,322.15,408.11,1.2668,4037.06,4,8,504.63,boleto,paid,CORREIOS,40.86,0.0101,2025-12-01,2025-12-01 11:12:00,2025-12-08,2025-12-08 07:31:00,-0.42,164.32,True,False,False,
O000041,C00044,2025-12-01,2025-12-01 14:36:00,2025.0,12.0,2025-12,Monday,169.75,39.9,0.2351,655.4399999999999,2,3,218.48,pix,paid,,,,2025-12-01,2025-12-01 20:04:00,2025-12-03,2025-12-03 17:14:00,0.23,45.17,False,False,False,in_transit
O000042,C00027,2025-12-01,2025-12-01 17:08:00,2025.0,12.0,2025-12,Monday,212.78,7.66,0.036,51.78,1,1,51.78,pix,paid,LOGGI,,,2025-12-01,2025-12-01 05:50:00,2025-12-06,2025-12-06 07:27:00,-0.47,121.62,True,False,False,lost
O000044,C00068,2025-12-01,2025-12-01 16:55:00,2025.0,12.0,2025-12,Monday,228.95,68.49,0.2991,2776.41,2,6,462.73,credit_card,created,JADLOG,52.38,0.0189,2025-12-01,2025-12-01 21:27:00,2025-12-06,2025-12-06 02:52:00,0.19,101.42,True,False,False,
O000045,C00027,2025-12-01,2025-12-01 06:13:00,2025.0,12.0,2025-12,Monday,240.58,79.55,0.3307,2438.1400000000003,2,5,487.63,debit_card,shipped,LOGGI,71.12,0.0292,2025-12-01,2025-12-01 13:45:00,2025-12-06,2025-12-06 16:38:00,0.31,122.88,True,True,False,delivered
O000047,C00009,2025-12-01,2025-12-01 02:25:00,2025.0,12.0,2025-12,Monday,171.28,173.07999999999998,1.0105,2186.74,4,8,273.34,,paid,,,,,,,,,,False,False,False,
O000048,C00081,2025-12-01,2025-12-01 03:43:00,2025.0,12.0,2025-12,Monday,188.48,87.97,0.4667,1196.31,3,5,239.26,credit_card,shipped,CORREIOS,60.87,0.0509,2025-12-01,2025-12-01 04:07:00,2025-12-07,2025-12-07 02:07:00,0.02,142.0,True,True,False,delivered
O000051,C00095,2025-12-01,2025-12-01 14:12:00,2025.0,12.0,2025-12,Monday,132.6,167.5,1.2632,2047.82,4,5,409.56,credit_card,delivered,TOTAL EXPRESS,18.28,0.0089,2025-12-01,2025-12-01 08:56:00,2025-12-02,2025-12-02 11:19:00,-0.22,26.38,False,False,False,
O000052,C00027,2025-12-01,2025-12-01 21:45:00,2025.0,12.0,2025-12,Monday,102.79,35.18,0.3423,2632.68,3,8,329.08,credit_card,delivered,JADLOG,18.16,0.0069,2025-12-01,2025-12-01 05:28:00,2025-12-05,2025-12-05 15:39:00,-0.68,106.18,True,False,False,lost
O000055,C00093,2025-12-01,2025-12-01 13:46:00,2025.0,12.0,2025-12,Monday,75.88,184.89,2.4366,2153.7000000000003,2,4,538.43,boleto,cancelled,JADLOG,69.92,0.0325,2025-12-02,2025-12-02 23:32:00,2025-12-07,2025-12-07 00:42:00,1.41,97.17,True,True,False,delivered
O000056,C00026,2025-12-01,2025-12-01 13:14:00,2025.0,12.0,2025-12,Monday,115.05,54.239999999999995,0.4714,2168.93,2,4,542.23,credit_card,created,CORREIOS,9.59,0.0044,2025-12-02,2025-12-02 03:42:00,2025-12-07,2025-12-07 22:56:00,0.6,139.23,True,False,False,lost
O000057,C00024,2025-12-01,2025-12-01 11:28:00,2025.0,12.0,2025-12,Monday,372.29,89.27,0.2398,948.7599999999999,3,5,189.75,boleto,paid,,49.82,0.0525,2025-12-01,2025-12-01 17:25:00,,,0.25,,False,False,False,
O000058,C00042,2025-12-01,2025-12-01 01:44:00,2025.0,12.0,2025-12,Monday,63.02,2.86,0.0454,994.76,1,2,497.38,credit_card,delivered,JADLOG,31.23,0.0314,,,2025-12-04,2025-12-04 07:28:00,,,False,False,True,returned
O000059,C00114,2025-12-01,2025-12-01 18:42:00,2025.0,12.0,2025-12,Monday,146.01,131.78,0.9025,3019.78,3,7,431.4,credit_card,delivered,CORREIOS,24.77,0.0082,2025-12-01,2025-12-01 19:03:00,2025-12-07,2025-12-07 09:29:00,0.01,134.43,True,False,False,
O000061,C00116,2025-12-01,2025-12-01 06:24:00,2025.0,12.0,2025-12,Monday,218.96,18.17,0.083,131.82999999999998,1,3,43.94,boleto,paid,JADLOG,31.6,0.2397,2025-12-02,2025-12-02 05:38:00,2025-12-07,2025-12-07 16:23:00,0.97,130.75,True,False,False,label_created
O000063,C00003,2025-12-01,2025-12-01 13:42:00,2025.0,12.0,2025-12,Monday,353.28,39.16,0.1108,1871.27,3,6,311.88,pix,shipped,JADLOG,,,2025-12-02,2025-12-02 11:49:00,2025-12-05,2025-12-05 16:46:00,0.92,76.95,True,True,False,delivered
O000064,C00107,2025-12-01,2025-12-01 08:37:00,2025.0,12.0,2025-12,Monday,72.2,108.67,1.5051,653.77,2,3,217.92,credit_card,delivered,CORREIOS,65.09,0.0996,2025-12-02,2025-12-02 20:19:00,2025-12-06,2025-12-06 15:21:00,1.49,91.03,True,False,False,label_created
O000065,C00018,2025-12-01,2025-12-01 07:55:00,2025.0,12.0,2025-12,Monday,199.9,21.67,0.1084,481.0,1,1,481.0,debit_card,paid,,8.22,0.0171,2025-12-01,2025-12-01 05:17:00,2025-12-03,2025-12-03 14:57:00,-0.11,57.67,False,False,False,
O000066,C00077,2025-12-01,2025-12-01 11:48:00,2025.0,12.0,2025-12,Monday,48.97,2.09,0.0427,38.19,1,2,19.1,credit_card,shipped,CORREIOS,58.22,1.5245,,,2025-12-03,2025-12-03 08:36:00,,,False,False,False,
O000067,C00107,2025-12-01,2025-12-01 12:50:00,2025.0,12.0,2025-12,Monday,327.21,169.25,0.5173,2866.87,2,5,573.37,boleto,delivered,,48.78,0.017,2025-12-01,2025-12-01 03:54:00,,,-0.37,,False,False,False,lost
O000069,C00092,2025-12-01,2025-12-01 16:36:00,2025.0,12.0,2025-12,Monday,321.97,46.67,0.145,181.82,1,1,181.82,credit_card,paid,JADLOG,75.85,0.4172,2025-12-01,2025-12-01 05:32:00,,,-0.46,,False,False,False,label_created
O000071,C00051,2025-12-01,2025-12-01 11:53:00,2025.0,12.0,2025-12,Monday,592.74,78.03,0.1316,825.1700000000001,2,3,275.06,credit_card,cancelled,LOGGI,58.46,0.0708,2025-12-01,2025-12-01 18:11:00,,,0.26,,False,False,False,label_created
O000072,C00060,2025-12-01,2025-12-01 01:22:00,2025.0,12.0,2025-12,Monday,199.07,159.87,0.8031,3544.74,4,9,393.86,boleto,shipped,,,,,,,,,,False,False,False,
O000073,C00049,2025-12-01,2025-12-01 19:28:00,2025.0,12.0,2025-12,Monday,383.97,24.880000000000003,0.0648,1016.02,3,4,254.0,pix,shipped,TOTAL EXPRESS,19.97,0.0197,2025-12-02,2025-12-02 02:31:00,2025-12-06,2025-12-06 04:45:00,0.29,98.23,True,False,False,label_created
O000076,C00006,2025-12-01,2025-12-01 07:36:00,2025.0,12.0,2025-12,Monday,55.53,87.8,1.5811,641.45,1,1,641.45,credit_card,shipped,,,,,,,,,,False,False,False,
O000077,C00027,2025-12-01,2025-12-01 00:00:00,2025.0,12.0,2025-12,Monday,116.94,301.95,2.5821,1364.01,4,7,194.86,pix,paid,,7.41,0.0054,2025-12-01,2025-12-01 02:52:00,2025-12-02,2025-12-02 01:29:00,0.12,22.62,False,False,False,
O000078,C00040,2025-12-01,2025-12-01 00:50:00,2025.0,12.0,2025-12,Monday,331.9,200.67,0.6046,2689.64,3,7,384.23,debit_card,paid,,,,,,,,,,False,False,False,
O000079,C00083,2025-12-01,2025-12-01 11:24:00,2025.0,12.0,2025-12,Monday,41.96,91.77999999999999,2.1873,1349.45,3,5,269.89,pix,paid,CORREIOS,43.28,0.0321,2025-12-02,2025-12-02 02:50:00,2025-12-06,2025-12-06 02:16:00,0.64,95.43,True,False,False,lost
O000080,C00008,2025-12-01,2025-12-01 11:56:00,2025.0,12.0,2025-12,Monday,239.99,94.03,0.3918,1866.0500000000002,3,4,466.51,credit_card,created,LOGGI,15.0,0.008,2025-12-01,2025-12-01 23:58:00,2025-12-05,2025-12-05 03:52:00,0.5,75.9,True,False,False,
O000082,C00018,2025-12-01,2025-12-01 14:40:00,2025.0,12.0,2025-12,Monday,339.11,99.67,0.2939,1027.4599999999998,1,3,342.49,pix,paid,TOTAL EXPRESS,79.34,0.0772,2025-12-01,2025-12-01 11:22:00,2025-12-05,2025-12-05 13:01:00,-0.14,97.65,True,False,False,lost
O000083,C00070,2025-12-01,2025-12-01 08:07:00,2025.0,12.0,2025-12,Monday,55.84,108.50999999999999,1.9432,2099.13,3,6,349.86,credit_card,paid,,76.16,0.0363,2025-12-02,2025-12-02 11:52:00,,,1.16,,False,False,False,
O000084,C00014,2025-12-01,2025-12-01 00:33:00,2025.0,12.0,2025-12,Monday,45.49,84.28999999999999,1.8529,1614.3400000000001,3,7,230.62,credit_card,created,CORREIOS,49.74,0.0308,2025-12-02,2025-12-02 00:08:00,2025-12-08,2025-12-08 07:35:00,0.98,151.45,True,False,False,
O000085,C00028,2025-12-01,2025-12-01 22:51:00,2025.0,12.0,2025-12,Monday,427.95,11.209999999999999,0.0262,129.20999999999998,2,5,25.84,boleto,cancelled,,44.12,0.3415,2025-12-01,2025-12-01 21:22:00,,,-0.06,,False,False,True,returned
O000086,C00035,2025-12-01,2025-12-01 01:34:00,2025.0,12.0,2025-12,Monday,254.8,387.55,1.521,2230.26,4,6,371.71,pix,shipped,,,,,,,,,,False,False,False,
O000087,C00050,2025-12-01,2025-12-01 18:15:00,2025.0,12.0,2025-12,Monday,173.46,2.01,0.0116,432.92,1,1,432.92,pix,delivered,CORREIOS,58.34,0.1348,2025-12-02,2025-12-02 13:05:00,2025-12-08,2025-12-08 07:57:00,0.78,138.87,True,False,False,in_transit
O000088,C00016,2025-12-01,2025-12-01 02:33:00,2025.0,12.0,2025-12,Monday,53.36,169.84,3.1829,4558.450000000001,3,7,651.21,debit_card,delivered,,,,,,,,,,False,False,False,
O000092,C00059,2025-12-01,2025-12-01 01:57:00,2025.0,12.0,2025-12,Monday,69.85,233.56,3.3437,1886.56,4,7,269.51,credit_card,shipped,,,,,,,,,,False,False,False,
O000093,C00050,2025-12-01,2025-12-01 12:50:00,2025.0,12.0,2025-12,Monday,188.92,152.13,0.8053,1615.9199999999998,2,3,538.64,boleto,delivered,JADLOG,57.38,0.0355,2025-12-02,2025-12-02 22:08:00,2025-12-03,2025-12-03 11:37:00,1.39,13.48,False,False,False,in_transit
O000094,C00026,2025-12-01,2025-12-01 22:09:00,2025.0,12.0,2025-12,Monday,386.35,155.1,0.4014,498.8599999999999,2,2,249.43,credit_card,shipped,JADLOG,5.16,0.0103,2025-12-02,2025-12-02 07:27:00,2025-12-09,2025-12-09 05:52:00,0.39,166.42,True,False,True,returned
O000095,C00084,2025-12-01,2025-12-01 04:27:00,2025.0,12.0,2025-12,Monday,341.51,21.67,0.0635,220.76,1,3,73.59,pix,created,,6.82,0.0309,2025-12-02,2025-12-02 22:14:00,2025-12-04,2025-12-04 21:30:00,1.74,47.27,False,False,True,returned
O000096,C00064,2025-12-01,2025-12-01 17:57:00,2025.0,12.0,2025-12,Monday,157.54,53.629999999999995,0.3404,440.78,4,6,73.46,boleto,paid,,43.74,0.0992,2025-12-02,2025-12-02 00:41:00,2025-12-08,2025-12-08 22:50:00,0.28,166.15,True,False,True,returned
O000099,C00095,2025-12-01,2025-12-01 16:29:00,2025.0,12.0,2025-12,Monday,246.67,152.97,0.6201,2316.1799999999994,2,5,463.24,boleto,shipped,TOTAL EXPRESS,19.27,0.0083,2025-12-02,2025-12-02 03:59:00,2025-12-06,2025-12-06 04:31:00,0.48,96.53,True,False,False,
O000100,C00108,2025-12-01,2025-12-01 12:42:00,2025.0,12.0,2025-12,Monday,305.5,51.48,0.1685,1552.71,1,3,517.57,credit_card,paid,,67.67,0.0436,2025-12-01,2025-12-01 13:34:00,,,0.04,,False,False,False,in_transit
O000101,C00013,2025-12-01,2025-12-01 06:40:00,2025.0,12.0,2025-12,Monday,190.82,150.37,0.788,1626.6799999999998,2,6,271.11,boleto,,CORREIOS,1.42,0.0009,2025-12-01,2025-12-01 03:48:00,2025-12-07,2025-12-07 12:58:00,-0.12,153.17,True,False,True,returned
O000102,C00084,2025-12-01,2025-12-01 10:23:00,2025.0,12.0,2025-12,Monday,464.79,166.07,0.3573,2659.96,2,5,531.99,credit_card,delivered,,71.85,0.027,2025-12-02,2025-12-02 20:12:00,,,1.41,,False,False,False,lost
O000104,C00051,2025-12-01,2025-12-01 22:06:00,2025.0,12.0,2025-12,Monday,63.58,421.6,6.631,4026.66,3,8,503.33,boleto,created,CORREIOS,40.83,0.0101,2025-12-02,2025-12-02 03:06:00,2025-12-06,2025-12-06 13:38:00,0.21,106.53,True,False,False,
O000105,C00023,2025-12-01,2025-12-01 15:18:00,2025.0,12.0,2025-12,Monday,316.6,72.42,0.2287,966.65,2,5,193.33,credit_card,paid,,70.3,0.0727,2025-12-02,2025-12-02 23:59:00,,,1.36,,False,False,False,
O000106,C00026,2025-12-01,2025-12-01 20:30:00,2025.0,12.0,2025-12,Monday,92.87,105.71000000000001,1.1383,1347.5900000000001,3,3,449.2,credit_card,paid,CORREIOS,33.31,0.0247,2025-12-01,2025-12-01 23:48:00,2025-12-05,2025-12-05 09:40:00,0.14,81.87,True,False,False,in_transit
O000107,C00007,2025-12-01,2025-12-01 20:52:00,2025.0,12.0,2025-12,Monday,505.63,119.02000000000001,0.2354,2797.2200000000003,3,9,310.8,boleto,paid,CORREIOS,71.49,0.0256,2025-12-02,2025-12-02 11:47:00,2025-12-06,2025-12-06 22:39:00,0.62,106.87,True,False,False,lost
O000108,C00021,2025-12-01,2025-12-01 14:12:00,2025.0,12.0,2025-12,Monday,298.68,133.45,0.4468,2849.8599999999997,4,8,356.23,boleto,paid,TOTAL EXPRESS,53.65,0.0188,2025-12-01,2025-12-01 18:47:00,,,0.19,,False,False,True,returned
O000110,C00110,2025-12-01,2025-12-01 01:14:00,2025.0,12.0,2025-12,Monday,398.52,7.89,0.0198,-7.89,1,0,,pix,paid,LOGGI,49.14,-6.2281,2025-12-02,2025-12-02 10:06:00,2025-12-03,2025-12-03 23:30:00,1.37,37.4,False,False,False,in_transit
O000024,C00017,2025-12-01,2025-12-01 15:28:00,2025.0,12.0,2025-12,Monday,199.2,53.31,0.2676,3949.5300000000007,3,9,438.84,credit_card,delivered,CORREIOS,60.77,0.0154,2025-12-02,2025-12-02 16:12:00,2025-12-03,2025-12-03 08:27:00,1.03,16.25,False,False,False,
O000081,C00027,2025-12-01,2025-12-01 07:28:00,2025.0,12.0,2025-12,Monday,254.65,262.36,1.0303,876.1600000000001,3,5,175.23,,paid,LOGGI,62.88,0.0718,2025-12-02,2025-12-02 04:54:00,2025-12-03,2025-12-03 13:36:00,0.89,32.7,False,False,False,
O000097,C00097,2025-12-01,2025-12-01 03:55:00,2025.0,12.0,2025-12,Monday,344.62,108.97999999999999,0.3162,739.5000000000001,3,4,184.88,debit_card,paid,TOTAL EXPRESS,60.04,0.0812,2025-12-01,2025-12-01 07:14:00,2025-12-05,2025-12-05 20:56:00,0.14,109.7,True,False,False,
O000068,C00082,2025-12-01,2025-12-01 17:26:00,2025.0,12.0,2025-12,Monday,155.55,109.47,0.7038,1171.81,1,2,585.9,credit_card,created,LOGGI,60.07,0.0513,2025-12-01,2025-12-01 01:38:00,2025-12-06,2025-12-06 08:11:00,-0.66,126.55,True,True,False,delivered
O000016,C00093,2025-12-01,2025-12-01 12:11:00,2025.0,12.0,2025-12,Monday,141.39,171.71,1.2144,2534.42,3,7,362.06,pix,created,,,,,,,,,,False,False,False,
O000030,C00072,2025-12-02,2025-12-02 12:29:00,2025.0,12.0,2025-12,Tuesday,273.68,437.53,1.5987,3658.59,5,8,457.32,credit_card,created,,6.02,0.0016,2025-12-03,2025-12-03 23:09:00,,,1.44,,False,False,True,returned
O000050,C00046,2025-12-02,2025-12-02 22:59:00,2025.0,12.0,2025-12,Tuesday,37.68,520.75,13.8203,3532.5699999999997,6,10,353.26,credit_card,shipped,,66.09,0.0187,2025-12-03,2025-12-03 10:44:00,2025-12-03,2025-12-03 17:05:00,0.49,6.35,False,False,False,label_created
O000089,C00073,2025-12-02,2025-12-02 11:24:00,2025.0,12.0,2025-12,Tuesday,318.03,250.98,0.7892,3097.15,5,11,281.56,credit_card,delivered,,17.69,0.0057,2025-12-03,2025-12-03 10:45:00,2025-12-09,2025-12-09 12:19:00,0.97,145.57,True,False,False,in_transit
O000020,C00105,2025-12-02,2025-12-02 05:08:00,2025.0,12.0,2025-12,Tuesday,293.94,68.44,0.2328,1684.25,2,5,336.85,credit_card,created,LOGGI,11.82,0.007,2025-12-03,2025-12-03 11:58:00,,,1.28,,False,False,True,returned
O000091,C00043,2025-12-02,2025-12-02 11:34:00,2025.0,12.0,2025-12,Tuesday,931.73,130.22,0.1398,1565.8000000000002,3,6,260.97,pix,created,,,,2025-12-03,2025-12-03 03:58:00,2025-12-05,2025-12-05 03:13:00,0.68,47.25,False,False,False,
O000028,C00006,2025-12-02,2025-12-02 04:47:00,2025.0,12.0,2025-12,Tuesday,237.69,138.18,0.5813,3598.2900000000004,3,7,514.04,credit_card,shipped,,22.87,0.0064,2025-12-03,2025-12-03 13:35:00,2025-12-08,2025-12-08 13:08:00,1.37,119.55,True,True,False,delivered
O000009,C00113,2025-12-02,2025-12-02 05:06:00,2025.0,12.0,2025-12,Tuesday,208.17,271.44,1.3039,1766.21,5,7,252.32,pix,delivered,LOGGI,23.6,0.0134,2025-12-03,2025-12-03 01:48:00,,,0.86,,False,False,False,
O000054,C00032,2025-12-02,2025-12-02 15:13:00,2025.0,12.0,2025-12,Tuesday,270.76,187.97,0.6942,1623.37,3,4,405.84,boleto,paid,JADLOG,12.5,0.0077,2025-12-03,2025-12-03 14:52:00,,,0.99,,False,False,False,lost
O000053,C00068,2025-12-02,2025-12-02 11:01:00,2025.0,12.0,2025-12,Tuesday,280.99,369.59,1.3153,4471.450000000001,5,10,447.15,credit_card,shipped,CORREIOS,75.02,0.0168,2025-12-02,2025-12-02 09:41:00,2025-12-09,2025-12-09 09:09:00,-0.06,167.47,True,False,False,
O000043,C00069,2025-12-02,2025-12-02 09:08:00,2025.0,12.0,2025-12,Tuesday,196.52,428.23,2.1791,3564.71,8,16,222.79,pix,created,TOTAL EXPRESS,11.51,0.0032,2025-12-03,2025-12-03 17:19:00,2025-12-05,2025-12-05 07:29:00,1.34,38.17,False,False,False,
O000070,C00116,2025-12-02,2025-12-02 22:55:00,2025.0,12.0,2025-12,Tuesday,121.54,515.4499999999999,4.241,5060.42,6,10,506.04,credit_card,created,,13.63,0.0027,2025-12-02,2025-12-02 02:19:00,,,-0.86,,False,False,False,
O000060,C00042,2025-12-02,2025-12-02 05:11:00,2025.0,12.0,2025-12,Tuesday,228.65,657.33,2.8748,4951.6900000000005,7,12,412.64,,,CORREIOS,13.55,0.0027,2025-12-03,2025-12-03 22:48:00,2025-12-06,2025-12-06 13:28:00,1.73,62.67,False,True,False,delivered
O000103,C00079,2025-12-02,2025-12-02 14:32:00,2025.0,12.0,2025-12,Tuesday,222.51,731.2,3.2861,7628.67,8,15,508.58,pix,,CORREIOS,9.16,0.0012,2025-12-02,2025-12-02 21:33:00,2025-12-08,2025-12-08 13:55:00,0.29,136.37,True,False,False,label_created
O000027,C00093,2025-12-02,2025-12-02 15:23:00,2025.0,12.0,2025-12,Tuesday,386.6,382.34999999999997,0.989,4204.92,7,13,323.46,pix,,CORREIOS,48.06,0.0114,2025-12-02,2025-12-02 00:50:00,2025-12-08,2025-12-08 05:17:00,-0.61,148.45,True,False,False,
O000098,C00052,2025-12-02,2025-12-02 12:34:00,2025.0,12.0,2025-12,Tuesday,225.7,598.21,2.6505,5871.06,8,16,366.94,credit_card,delivered,,64.73,0.011,2025-12-03,2025-12-03 08:01:00,,,0.81,,False,False,False,label_created
O000109,C00017,2025-12-02,2025-12-02 00:34:00,2025.0,12.0,2025-12,Tuesday,0.0,299.45,0.0,3844.82,4,8,480.6,pix,cancelled,CORREIOS,57.43,0.0149,2025-12-02,2025-12-02 19:53:00,2025-12-05,2025-12-05 08:56:00,0.8,61.05,False,True,False,delivered
O000075,C00076,,,,,,,138.19,106.35,0.7696,1586.5899999999997,2,3,528.86,,shipped,CORREIOS,74.82,0.0472,2025-12-03,2025-12-03 23:03:00,2025-12-06,2025-12-06 08:32:00,,57.48,False,False,True,returned
O000090,C00044,2025-12-02,2025-12-02 01:32:00,2025.0,12.0,2025-12,Tuesday,194.72,30.38,0.156,1566.3100000000002,2,6,261.05,pix,shipped,TOTAL EXPRESS,63.66,0.0406,2025-12-03,2025-12-03 23:13:00,,,1.9,,False,True,False,delivered
O000003,C00110,2025-12-02,2025-12-02 20:30:00,2025.0,12.0,2025-12,Tuesday,233.42,470.98,2.0177,4730.49,5,9,525.61,boleto,shipped,CORREIOS,0.0,0.0,2025-12-02,2025-12-02 15:34:00,2025-12-03,2025-12-03 06:41:00,-0.21,15.12,False,False,False,
O000074,C00113,2025-12-02,2025-12-02 05:52:00,2025.0,12.0,2025-12,Tuesday,322.55,435.46,1.3501,1399.93,7,9,155.55,debit_card,delivered,TOTAL EXPRESS,18.37,0.0131,2025-12-03,2025-12-03 23:28:00,2025-12-10,2025-12-10 12:16:00,1.73,156.8,True,False,False,label_created
O000062,C00115,2025-12-02,2025-12-02 22:35:00,2025.0,12.0,2025-12,Tuesday,31.14,126.15,4.0511,1280.65,2,2,640.33,credit_card,created,CORREIOS,11.84,0.0092,,,2025-12-04,2025-12-04 05:02:00,,,False,False,False,
O000001,C00092,2025-12-02,2025-12-02 14:21:00,2025.0,12.0,2025-12,Tuesday,78.45,352.22,4.4897,5154.75,5,11,468.61,pix,paid,TOTAL EXPRESS,2.17,0.0004,2025-12-03,2025-12-03 18:34:00,2025-12-06,2025-12-06 06:28:00,1.18,59.9,False,False,False,in_transit
O000046,C00017,2025-12-02,2025-12-02 02:38:00,2025.0,12.0,2025-12,Tuesday,337.46,441.46,1.3082,4977.67,7,13,382.9,credit_card,delivered,,23.79,0.0048,2025-12-02,2025-12-02 09:35:00,2025-12-04,2025-12-04 01:03:00,0.29,39.47,False,False,False,
O2000001,C00116,2025-12-02,2025-12-02 15:56:00,2025.0,12.0,2025-12,Tuesday,190.8,227.70000000000002,1.1934,1122.25,3,6,187.04,boleto,paid,CORREIOS,24.41,0.0218,2025-12-03,2025-12-03 16:06:00,,,1.01,,False,False,True,returned
O2000002,C00054,2025-12-02,2025-12-02 00:23:00,2025.0,12.0,2025-12,Tuesday,249.27,94.18,0.3778,1469.9,2,6,244.98,debit_card,delivered,LOGGI,77.96,0.053,2025-12-02,2025-12-02 01:34:00,,,0.05,,False,True,False,delivered
O2000003,C00116,2025-12-02,2025-12-02 06:43:00,2025.0,12.0,2025-12,Tuesday,173.15,287.96,1.6631,3162.27,4,10,316.23,credit_card,,,57.09,0.0181,2025-12-02,2025-12-02 10:19:00,2025-12-06,2025-12-06 07:01:00,0.15,92.7,True,False,False,
O2000005,C00072,2025-12-02,2025-12-02 08:35:00,2025.0,12.0,2025-12,Tuesday,177.98,80.95,0.4548,864.4499999999999,2,4,216.11,boleto,delivered,LOGGI,57.45,0.0665,2025-12-02,2025-12-02 04:21:00,2025-12-02,2025-12-02 18:27:00,-0.18,14.1,False,False,False,in_transit
O2000006,C00072,2025-12-02,2025-12-02 12:11:00,2025.0,12.0,2025-12,Tuesday,0.0,105.64999999999999,0.0,1027.54,2,3,342.51,credit_card,shipped,,35.49,0.0345,2025-12-03,2025-12-03 20:22:00,2025-12-06,2025-12-06 16:47:00,1.34,68.42,False,False,True,returned
O2000007,C00120,2025-12-02,2025-12-02 23:07:00,2025.0,12.0,2025-12,Tuesday,224.5,60.870000000000005,0.2711,752.06,2,3,250.69,boleto,cancelled,,37.24,0.0495,2025-12-03,2025-12-03 20:16:00,2025-12-05,2025-12-05 16:07:00,0.88,43.85,False,False,False,in_transit
O2000008,C00009,,,,,,,418.53,421.2,1.0064,4264.719999999999,4,10,426.47,credit_card,paid,,,,,,,,,,False,False,False,
O2000009,C00017,2025-12-02,2025-12-02 08:51:00,2025.0,12.0,2025-12,Tuesday,58.1,399.97,6.8842,4613.790000000001,4,10,461.38,pix,delivered,LOGGI,70.94,0.0154,2025-12-02,2025-12-02 00:09:00,,,-0.36,,False,False,False,
O2000010,C00068,2025-12-02,2025-12-02 15:55:00,2025.0,12.0,2025-12,Tuesday,66.33,73.43,1.107,240.18,1,1,240.18,credit_card,delivered,TOTAL EXPRESS,54.92,0.2287,2025-12-03,2025-12-03 18:55:00,2025-12-08,2025-12-08 03:00:00,1.12,104.08,True,True,False,delivered
O2000011,C00038,2025-12-02,2025-12-02 02:31:00,2025.0,12.0,2025-12,Tuesday,189.13,60.839999999999996,0.3217,614.1,2,4,153.52,pix,delivered,CORREIOS,27.82,0.0453,2025-12-02,2025-12-02 17:51:00,,,0.64,,False,False,False,
O2000013,C00070,2025-12-02,2025-12-02 10:07:00,2025.0,12.0,2025-12,Tuesday,372.94,314.69,0.8438,3206.67,4,7,458.1,pix,shipped,CORREIOS,78.85,0.0246,2025-12-03,2025-12-03 18:01:00,2025-12-08,2025-12-08 07:44:00,1.33,109.72,True,False,False,lost
O2000014,C00095,,,,,,,142.15,74.25,0.5223,184.4,1,1,184.4,credit_card,delivered,JADLOG,21.15,0.1147,2025-12-02,2025-12-02 23:06:00,2025-12-05,2025-12-05 19:06:00,,68.0,False,False,False,
O2000015,C00013,2025-12-02,2025-12-02 21:13:00,2025.0,12.0,2025-12,Tuesday,11.15,363.46000000000004,32.5973,6032.03,4,11,548.37,boleto,cancelled,JADLOG,0.0,0.0,2025-12-02,2025-12-02 07:27:00,2025-12-09,2025-12-09 04:55:00,-0.57,165.47,True,True,False,delivered
O2000016,C00099,2025-12-02,2025-12-02 19:00:00,2025.0,12.0,2025-12,Tuesday,145.85,29.31,0.201,3801.06,3,9,422.34,debit_card,shipped,,79.02,0.0208,2025-12-03,2025-12-03 19:20:00,2025-12-07,2025-12-07 14:59:00,1.01,91.65,True,True,False,delivered
O2000017,C00075,,,,,,,294.57,235.54000000000002,0.7996,1209.04,2,6,201.51,credit_card,created,TOTAL EXPRESS,60.39,0.0499,2025-12-02,2025-12-02 17:32:00,2025-12-03,2025-12-03 16:14:00,,22.7,False,False,False,
O2000018,C00085,2025-12-02,2025-12-02 09:37:00,2025.0,12.0,2025-12,Tuesday,221.5,48.620000000000005,0.2195,875.23,3,6,145.87,credit_card,delivered,TOTAL EXPRESS,64.85,0.0741,2025-12-03,2025-12-03 05:30:00,,,0.83,,False,False,False,lost
O2000019,C00033,2025-12-02,2025-12-02 05:34:00,2025.0,12.0,2025-12,Tuesday,333.03,126.28,0.3792,3871.0299999999997,4,9,430.11,credit_card,delivered,TOTAL EXPRESS,76.93,0.0199,2025-12-03,2025-12-03 09:51:00,2025-12-03,2025-12-03 21:36:00,1.18,11.75,False,False,True,returned
O2000020,C00019,2025-12-02,2025-12-02 15:31:00,2025.0,12.0,2025-12,Tuesday,483.02,17.62,0.0365,816.42,1,2,408.21,pix,delivered,,2.36,0.0029,2025-12-03,2025-12-03 00:10:00,2025-12-02,2025-12-02 23:35:00,0.36,-0.58,False,False,False,label_created
O2000021,C00026,2025-12-02,2025-12-02 04:54:00,2025.0,12.0,2025-12,Tuesday,199.0,124.72,0.6267,1602.05,1,3,534.02,pix,paid,JADLOG,58.82,0.0367,,,2025-12-03,2025-12-03 23:26:00,,,False,False,False,lost
O2000022,C00062,2025-12-02,2025-12-02 12:34:00,2025.0,12.0,2025-12,Tuesday,158.9,172.34,1.0846,784.55,4,6,130.76,pix,delivered,,9.0,0.0115,,,,,,,False,False,False,
O2000023,C00040,2025-12-02,2025-12-02 23:14:00,2025.0,12.0,2025-12,Tuesday,108.0,211.39000000000001,1.9573,2938.99,4,8,367.37,credit_card,paid,LOGGI,15.36,0.0052,2025-12-02,2025-12-02 16:10:00,2025-12-05,2025-12-05 23:21:00,-0.29,79.18,True,False,False,in_transit
O2000025,C00050,2025-12-02,2025-12-02 21:09:00,2025.0,12.0,2025-12,Tuesday,49.93,75.54,1.5129,1327.2199999999998,2,3,442.41,pix,created,JADLOG,47.58,0.0358,,,2025-12-05,2025-12-05 22:51:00,,,False,False,False,
O2000026,C00045,2025-12-02,2025-12-02 10:36:00,2025.0,12.0,2025-12,Tuesday,131.24,77.31,0.5891,2214.9300000000003,2,4,553.73,pix,delivered,TOTAL EXPRESS,5.67,0.0026,,,2025-12-07,2025-12-07 00:28:00,,,False,False,True,returned
O2000027,C00054,2025-12-02,2025-12-02 21:31:00,2025.0,12.0,2025-12,Tuesday,441.41,83.3,0.1887,0.0,1,2,0.0,,refunded,LOGGI,67.8,,2025-12-03,2025-12-03 15:11:00,2025-12-10,2025-12-10 09:54:00,0.74,162.72,True,False,False,in_transit
O2000028,C00007,2025-12-02,2025-12-02 21:00:00,2025.0,12.0,2025-12,Tuesday,354.54,64.18,0.181,1328.38,2,3,442.79,credit_card,created,LOGGI,32.96,0.0248,2025-12-03,2025-12-03 14:03:00,2025-12-08,2025-12-08 11:47:00,0.71,117.73,True,False,False,
O2000029,C00090,2025-12-02,2025-12-02 08:49:00,2025.0,12.0,2025-12,Tuesday,153.15,80.55,0.526,666.66,3,8,83.33,pix,,TOTAL EXPRESS,7.76,0.0116,2025-12-02,2025-12-02 03:24:00,2025-12-02,2025-12-02 09:59:00,-0.23,6.58,False,False,True,returned
O2000030,C00088,2025-12-02,2025-12-02 00:20:00,2025.0,12.0,2025-12,Tuesday,0.0,162.35,0.0,1976.69,4,6,329.45,credit_card,shipped,CORREIOS,6.67,0.0034,2025-12-02,2025-12-02 12:26:00,2025-12-05,2025-12-05 06:38:00,0.5,66.2,False,False,False,
O2000031,C00112,,,,,,,138.65,272.0,1.9618,2395.9900000000002,4,9,266.22,credit_card,cancelled,TOTAL EXPRESS,76.05,0.0317,2025-12-03,2025-12-03 21:57:00,2025-12-05,2025-12-05 01:30:00,,27.55,False,False,False,label_created
O2000032,C00094,2025-12-02,2025-12-02 14:26:00,2025.0,12.0,2025-12,Tuesday,512.38,93.27000000000001,0.182,2343.74,2,4,585.93,boleto,delivered,,72.11,0.0308,2025-12-03,2025-12-03 07:32:00,2025-12-03,2025-12-03 18:34:00,0.71,11.03,False,False,False,label_created
O2000033,C00089,2025-12-02,2025-12-02 13:13:00,2025.0,12.0,2025-12,Tuesday,589.93,28.72,0.0487,561.9399999999999,1,2,280.97,pix,shipped,,,,,,,,,,False,False,False,
O2000034,C00105,2025-12-02,2025-12-02 01:39:00,2025.0,12.0,2025-12,Tuesday,308.19,6.09,0.0198,497.61000000000007,1,3,165.87,pix,delivered,JADLOG,0.0,0.0,2025-12-03,2025-12-03 08:11:00,2025-12-05,2025-12-05 06:23:00,1.27,46.2,False,False,True,returned
O2000036,C00065,2025-12-02,2025-12-02 07:57:00,2025.0,12.0,2025-12,Tuesday,,3.11,0.0,764.41,1,2,382.2,credit_card,shipped,,17.77,0.0232,2025-12-02,2025-12-02 22:27:00,2025-12-05,2025-12-05 11:01:00,0.6,60.57,False,True,False,delivered
O2000037,C00085,2025-12-02,2025-12-02 22:01:00,2025.0,12.0,2025-12,Tuesday,255.66,387.16999999999996,1.5144,3533.54,4,7,504.79,boleto,paid,,2.15,0.0006,2025-12-02,2025-12-02 07:14:00,2025-12-06,2025-12-06 05:05:00,-0.62,93.85,True,False,False,
O2000038,C00112,2025-12-02,2025-12-02 15:39:00,2025.0,12.0,2025-12,Tuesday,67.77,240.32,3.5461,3100.1200000000003,3,7,442.87,pix,delivered,,,,,,,,,,False,False,False,
O2000039,C00039,2025-12-02,2025-12-02 08:45:00,2025.0,12.0,2025-12,Tuesday,99.48,312.01,3.1364,760.6600000000001,3,4,190.17,credit_card,delivered,TOTAL EXPRESS,75.14,0.0988,2025-12-02,2025-12-02 02:42:00,,,-0.25,,False,False,False,lost
O2000040,C00011,2025-12-02,2025-12-02 05:33:00,2025.0,12.0,2025-12,Tuesday,92.47,159.34,1.7232,1835.8899999999999,3,8,229.49,credit_card,delivered,,,,,,,,,,False,False,False,
O2000041,C00061,2025-12-02,2025-12-02 00:01:00,2025.0,12.0,2025-12,Tuesday,324.01,75.34,0.2325,764.12,3,6,127.35,credit_card,delivered,,,,,,,,,,False,False,False,
O2000042,C00107,2025-12-02,2025-12-02 06:14:00,2025.0,12.0,2025-12,Tuesday,480.06,20.61,0.0429,698.42,2,2,349.21,debit_card,shipped,CORREIOS,61.67,0.0883,2025-12-02,2025-12-02 01:39:00,2025-12-06,2025-12-06 21:36:00,-0.19,115.95,True,False,False,lost
O2000043,C00088,2025-12-02,2025-12-02 04:52:00,2025.0,12.0,2025-12,Tuesday,363.76,9.44,0.026,1669.28,2,4,417.32,credit_card,delivered,CORREIOS,71.73,0.043,2025-12-03,2025-12-03 13:27:00,2025-12-05,2025-12-05 20:40:00,1.36,55.22,False,False,False,
O2000044,C00043,2025-12-02,2025-12-02 13:56:00,2025.0,12.0,2025-12,Tuesday,430.2,301.36,0.7005,2409.45,4,9,267.72,credit_card,created,,,,,,,,,,False,False,False,
O2000045,C00071,2025-12-02,2025-12-02 16:44:00,2025.0,12.0,2025-12,Tuesday,121.42,297.59,2.4509,1727.44,2,3,575.81,credit_card,shipped,CORREIOS,28.39,0.0164,2025-12-03,2025-12-03 22:12:00,2025-12-10,2025-12-10 14:22:00,1.23,160.17,True,False,False,
O2000046,C00048,2025-12-02,2025-12-02 09:12:00,2025.0,12.0,2025-12,Tuesday,175.15,181.41,1.0357,1640.0300000000002,2,4,410.01,credit_card,created,JADLOG,,,2025-12-02,2025-12-02 08:37:00,2025-12-03,2025-12-03 07:34:00,-0.02,22.95,False,False,False,lost
O2000048,C00009,2025-12-02,2025-12-02 06:20:00,2025.0,12.0,2025-12,Tuesday,307.36,354.71999999999997,1.1541,2229.1,4,8,278.64,pix,paid,JADLOG,34.29,0.0154,2025-12-02,2025-12-02 01:10:00,2025-12-02,2025-12-02 06:23:00,-0.22,5.22,False,False,False,in_transit
O2000049,C00086,2025-12-02,2025-12-02 00:13:00,2025.0,12.0,2025-12,Tuesday,134.19,404.63,3.0154,4392.28,3,7,627.47,credit_card,paid,,2.05,0.0005,2025-12-03,2025-12-03 19:04:00,2025-12-10,2025-12-10 14:32:00,1.79,163.47,True,False,False,
O2000050,C00025,2025-12-02,2025-12-02 08:23:00,2025.0,12.0,2025-12,Tuesday,413.15,316.24,0.7654,2971.79,4,8,371.47,boleto,delivered,CORREIOS,41.13,0.0138,2025-12-02,2025-12-02 09:55:00,2025-12-09,2025-12-09 03:20:00,0.06,161.42,True,False,True,returned
O2000051,C00079,2025-12-02,2025-12-02 03:50:00,2025.0,12.0,2025-12,Tuesday,579.66,183.32,0.3163,2433.92,4,7,347.7,credit_card,paid,LOGGI,26.54,0.0109,2025-12-03,2025-12-03 15:23:00,2025-12-08,2025-12-08 03:29:00,1.48,108.1,True,False,False,
O2000052,C00012,2025-12-02,2025-12-02 18:27:00,2025.0,12.0,2025-12,Tuesday,318.0,127.02,0.3994,847.36,3,3,282.45,pix,shipped,CORREIOS,4.23,0.005,2025-12-03,2025-12-03 16:06:00,2025-12-05,2025-12-05 08:22:00,0.9,40.27,False,False,False,lost
O2000053,C00030,2025-12-02,2025-12-02 02:09:00,2025.0,12.0,2025-12,Tuesday,169.34,67.9,0.401,747.32,1,3,249.11,debit_card,paid,,,,,,,,,,False,False,False,
O2000054,C00091,2025-12-02,2025-12-02 13:57:00,2025.0,12.0,2025-12,Tuesday,112.66,191.46,1.6994,665.0899999999999,3,6,110.85,pix,paid,,63.43,0.0954,,,,,,,False,False,False,
O2000055,C00004,2025-12-02,2025-12-02 19:28:00,2025.0,12.0,2025-12,Tuesday,92.66,364.42,3.9329,3128.6399999999994,4,7,446.95,pix,paid,JADLOG,49.38,0.0158,2025-12-03,2025-12-03 02:32:00,2025-12-07,2025-12-07 09:39:00,0.29,103.12,True,True,False,delivered
O2000056,C00024,2025-12-02,2025-12-02 14:50:00,2025.0,12.0,2025-12,Tuesday,31.54,75.97,2.4087,1541.38,3,6,256.9,credit_card,created,,13.65,0.0089,2025-12-03,2025-12-03 03:31:00,2025-12-05,2025-12-05 22:49:00,0.53,67.3,False,True,False,delivered
O2000057,C00056,2025-12-02,2025-12-02 00:27:00,2025.0,12.0,2025-12,Tuesday,189.65,62.7,0.3306,193.59000000000003,1,1,193.59,credit_card,delivered,CORREIOS,74.99,0.3874,2025-12-02,2025-12-02 05:30:00,,,0.21,,False,False,False,in_transit
O2000058,C00025,2025-12-02,2025-12-02 01:05:00,2025.0,12.0,2025-12,Tuesday,181.61,344.45,1.8966,1404.72,3,4,351.18,pix,delivered,,41.28,0.0294,2025-12-03,2025-12-03 20:41:00,2025-12-08,2025-12-08 01:18:00,1.82,100.62,True,False,True,returned
O2000059,C00091,2025-12-02,2025-12-02 19:46:00,2025.0,12.0,2025-12,Tuesday,396.76,142.77,0.3598,1299.83,1,2,649.92,pix,delivered,CORREIOS,66.39,0.0511,2025-12-02,2025-12-02 12:36:00,,,-0.3,,False,False,False,
O2000060,C00102,2025-12-02,2025-12-02 20:52:00,2025.0,12.0,2025-12,Tuesday,141.36,205.01999999999998,1.4503,1895.9,3,5,379.18,pix,shipped,CORREIOS,70.63,0.0373,2025-12-02,2025-12-02 18:19:00,,,-0.11,,False,False,False,
O2000061,C00062,2025-12-02,2025-12-02 04:20:00,2025.0,12.0,2025-12,Tuesday,197.7,62.82,0.3178,181.92,1,1,181.92,pix,paid,CORREIOS,7.5,0.0412,2025-12-02,2025-12-02 04:33:00,,,0.01,,False,False,True,returned
O2000062,C00098,2025-12-02,2025-12-02 07:39:00,2025.0,12.0,2025-12,Tuesday,273.6,25.33,0.0926,1788.0200000000002,1,3,596.01,boleto,cancelled,,,,,,,,,,False,False,False,
O2000063,C00060,2025-12-02,2025-12-02 05:00:00,2025.0,12.0,2025-12,Tuesday,314.52,4.69,0.0149,1352.4899999999998,2,4,338.12,pix,shipped,,,,,,,,,,False,False,False,
O2000064,C00105,2025-12-02,2025-12-02 15:18:00,2025.0,12.0,2025-12,Tuesday,367.38,60.37,0.1643,766.22,2,2,383.11,credit_card,shipped,CORREIOS,68.93,0.09,2025-12-02,2025-12-02 17:38:00,,,0.1,,False,True,False,delivered
O2000065,C00089,2025-12-02,2025-12-02 22:06:00,2025.0,12.0,2025-12,Tuesday,255.01,130.33,0.5111,3859.15,3,8,482.39,pix,created,CORREIOS,68.04,0.0176,2025-12-03,2025-12-03 17:34:00,2025-12-08,2025-12-08 18:20:00,0.81,120.77,True,False,False,label_created
O2000066,C00076,2025-12-02,2025-12-02 04:46:00,2025.0,12.0,2025-12,Tuesday,199.9,146.13,0.731,2733.25,3,6,455.54,,paid,,74.36,0.0272,2025-12-02,2025-12-02 08:42:00,2025-12-03,2025-12-03 10:01:00,0.16,25.32,False,False,False,in_transit
O2000067,C00047,2025-12-02,2025-12-02 23:38:00,2025.0,12.0,2025-12,Tuesday,296.13,95.94999999999999,0.324,357.54,2,3,119.18,credit_card,paid,TOTAL EXPRESS,16.34,0.0457,2025-12-02,2025-12-02 22:54:00,,,-0.03,,False,False,False,label_created
O2000068,C00002,2025-12-02,2025-12-02 17:13:00,2025.0,12.0,2025-12,Tuesday,133.28,246.23000000000002,1.8475,3137.87,4,6,522.98,pix,paid,TOTAL EXPRESS,54.0,0.0172,2025-12-02,2025-12-02 09:33:00,2025-12-08,2025-12-08 14:24:00,-0.32,148.85,True,False,False,lost
O2000069,C00118,2025-12-02,2025-12-02 10:29:00,2025.0,12.0,2025-12,Tuesday,494.53,331.33,0.67,3925.7900000000004,3,7,560.83,credit_card,shipped,,31.58,0.008,2025-12-03,2025-12-03 23:23:00,2025-12-08,2025-12-08 21:13:00,1.54,117.83,True,True,False,delivered
O2000070,C00102,2025-12-02,2025-12-02 04:29:00,2025.0,12.0,2025-12,Tuesday,227.51,38.12,0.1676,795.4300000000001,2,4,198.86,pix,shipped,,,,,,,,,,False,False,False,
O2000071,C00044,2025-12-02,2025-12-02 09:51:00,2025.0,12.0,2025-12,Tuesday,265.84,37.8,0.1422,223.82,1,1,223.82,credit_card,delivered,,,,,,,,,,False,False,False,
O2000072,C00027,2025-12-02,2025-12-02 14:03:00,2025.0,12.0,2025-12,Tuesday,978.59,226.6,0.2316,2657.42,3,6,442.9,pix,delivered,,,,,,,,,,False,False,False,
O2000073,C00080,2025-12-02,2025-12-02 14:21:00,2025.0,12.0,2025-12,Tuesday,371.6,114.41,0.3079,-114.41,1,0,,boleto,delivered,CORREIOS,36.89,-0.3224,2025-12-03,2025-12-03 23:23:00,2025-12-08,2025-12-08 17:18:00,1.38,113.92,True,True,False,delivered
O2000074,C00034,2025-12-02,2025-12-02 23:04:00,2025.0,12.0,2025-12,Tuesday,292.48,299.0,1.0223,1547.75,3,7,221.11,credit_card,delivered,,40.63,0.0263,2025-12-02,2025-12-02 19:45:00,2025-12-05,2025-12-05 23:05:00,-0.14,75.33,True,False,False,
O2000075,C00066,2025-12-02,2025-12-02 21:20:00,2025.0,12.0,2025-12,Tuesday,202.06,46.31,0.2292,511.99,1,2,256.0,pix,,,63.05,0.1231,2025-12-02,2025-12-02 13:10:00,,,-0.34,,False,False,False,in_transit
O2000076,C00090,2025-12-02,2025-12-02 02:12:00,2025.0,12.0,2025-12,Tuesday,77.26,70.03999999999999,0.9065,1995.92,3,6,332.65,boleto,created,,4.87,0.0024,2025-12-02,2025-12-02 14:38:00,2025-12-04,2025-12-04 12:16:00,0.52,45.63,False,False,False,in_transit
O2000077,C00039,2025-12-02,2025-12-02 21:39:00,2025.0,12.0,2025-12,Tuesday,191.45,150.97,0.7886,1196.6399999999999,3,5,239.33,debit_card,paid,,56.06,0.0468,2025-12-03,2025-12-03 05:59:00,,,0.35,,False,False,False,
O2000078,C00070,2025-12-02,2025-12-02 16:11:00,2025.0,12.0,2025-12,Tuesday,111.49,1.46,0.0131,410.2,1,3,136.73,credit_card,created,,,,,,,,,,False,False,False,
O2000079,C00032,2025-12-02,2025-12-02 08:32:00,2025.0,12.0,2025-12,Tuesday,624.47,69.63,0.1115,1701.27,1,3,567.09,credit_card,delivered,,51.34,0.0302,2025-12-03,2025-12-03 08:51:00,2025-12-04,2025-12-04 08:31:00,1.01,23.67,False,True,False,delivered
O2000080,C00095,2025-12-02,2025-12-02 05:12:00,2025.0,12.0,2025-12,Tuesday,295.14,100.9,0.3419,1842.23,1,3,614.08,credit_card,cancelled,CORREIOS,43.98,0.0239,2025-12-03,2025-12-03 12:40:00,2025-12-05,2025-12-05 12:37:00,1.31,47.95,False,False,True,returned
O2000081,C00078,2025-12-02,2025-12-02 09:35:00,2025.0,12.0,2025-12,Tuesday,483.04,28.630000000000003,0.0593,1075.6299999999999,2,5,215.13,pix,paid,JADLOG,11.12,0.0103,2025-12-03,2025-12-03 03:32:00,2025-12-07,2025-12-07 17:03:00,0.75,109.52,True,False,False,
O2000082,C00087,2025-12-02,2025-12-02 14:45:00,2025.0,12.0,2025-12,Tuesday,138.16,20.66,0.1495,555.21,2,2,277.6,debit_card,cancelled,CORREIOS,67.58,0.1217,2025-12-02,2025-12-02 13:40:00,2025-12-08,2025-12-08 22:03:00,-0.05,152.38,True,False,False,lost
O2000083,C00023,2025-12-02,2025-12-02 21:47:00,2025.0,12.0,2025-12,Tuesday,118.38,216.39000000000001,1.8279,1184.82,3,6,197.47,pix,created,CORREIOS,15.81,0.0133,2025-12-02,2025-12-02 11:00:00,2025-12-07,2025-12-07 22:17:00,-0.45,131.28,True,False,True,returned
O2000084,C00027,2025-12-02,2025-12-02 19:04:00,2025.0,12.0,2025-12,Tuesday,347.98,167.82,0.4823,1449.6799999999998,4,7,207.1,boleto,delivered,,,,,,,,,,False,False,False,
O2000085,C00039,2025-12-02,2025-12-02 18:50:00,2025.0,12.0,2025-12,Tuesday,107.73,8.68,0.0806,569.23,2,5,113.85,pix,paid,,43.97,0.0772,2025-12-02,2025-12-02 12:23:00,2025-12-03,2025-12-03 10:30:00,-0.27,22.12,False,True,False,delivered
O2000086,C00057,2025-12-02,2025-12-02 11:26:00,2025.0,12.0,2025-12,Tuesday,159.66,283.13000000000005,1.7733,1682.83,4,6,280.47,pix,created,TOTAL EXPRESS,52.35,0.0311,2025-12-03,2025-12-03 04:49:00,2025-12-05,2025-12-05 20:17:00,0.72,63.47,False,False,False,
O2000087,C00083,2025-12-02,2025-12-02 20:27:00,2025.0,12.0,2025-12,Tuesday,643.19,33.63,0.0523,1220.1899999999998,2,6,203.36,credit_card,shipped,TOTAL EXPRESS,28.84,0.0236,2025-12-03,2025-12-03 07:39:00,2025-12-03,2025-12-03 22:51:00,0.47,15.2,False,False,False,in_transit
O2000088,C00025,2025-12-02,2025-12-02 02:44:00,2025.0,12.0,2025-12,Tuesday,164.66,88.67999999999999,0.5386,377.11,2,1,377.11,boleto,paid,,28.28,0.075,2025-12-03,2025-12-03 18:56:00,,,1.68,,False,False,False,lost
O2000089,C00112,2025-12-02,2025-12-02 05:04:00,2025.0,12.0,2025-12,Tuesday,,10.04,0.0,365.53,2,6,60.92,credit_card,paid,LOGGI,23.62,0.0646,2025-12-03,2025-12-03 17:36:00,2025-12-03,2025-12-03 23:00:00,1.52,5.4,False,True,False,delivered
O2000090,C00036,2025-12-02,2025-12-02 02:35:00,2025.0,12.0,2025-12,Tuesday,41.57,69.99000000000001,1.6837,1020.98,3,4,255.24,boleto,paid,TOTAL EXPRESS,46.12,0.0452,2025-12-02,2025-12-02 08:57:00,2025-12-08,2025-12-08 08:23:00,0.27,143.43,True,False,True,returned
O2000091,C00033,2025-12-02,2025-12-02 23:10:00,2025.0,12.0,2025-12,Tuesday,55.42,184.07,3.3214,1632.35,4,6,272.06,boleto,delivered,CORREIOS,72.15,0.0442,2025-12-02,2025-12-02 04:53:00,2025-12-05,2025-12-05 01:51:00,-0.76,68.97,False,False,False,lost
O2000092,C00079,2025-12-02,2025-12-02 10:19:00,2025.0,12.0,2025-12,Tuesday,501.31,174.38,0.3478,3263.13,2,5,652.63,boleto,shipped,LOGGI,36.73,0.0113,2025-12-02,2025-12-02 05:38:00,,,-0.2,,False,True,False,delivered
O2000093,C00109,2025-12-02,2025-12-02 21:14:00,2025.0,12.0,2025-12,Tuesday,145.16,148.63,1.0239,1546.37,2,3,515.46,credit_card,paid,CORREIOS,36.55,0.0236,,,2025-12-09,2025-12-09 08:49:00,,,False,True,False,delivered
O2000095,C00039,2025-12-02,2025-12-02 05:33:00,2025.0,12.0,2025-12,Tuesday,583.88,501.9,0.8596,4871.84,4,9,541.32,credit_card,delivered,CORREIOS,65.67,0.0135,2025-12-03,2025-12-03 21:30:00,2025-12-08,2025-12-08 06:29:00,1.66,104.98,True,False,False,
O2000047,C00040,2025-12-02,2025-12-02 05:17:00,2025.0,12.0,2025-12,Tuesday,185.34,152.21,0.8212,955.1499999999999,3,5,191.03,credit_card,paid,,32.84,0.0344,2025-12-02,2025-12-02 17:53:00,2025-12-08,2025-12-08 22:27:00,0.52,148.57,True,False,True,returned
O000049,C00100,2025-12-02,2025-12-02 15:02:00,2025.0,12.0,2025-12,Tuesday,234.74,597.03,2.5434,3962.38,5,10,396.24,credit_card,created,JADLOG,64.44,0.0163,2025-12-03,2025-12-03 23:56:00,2025-12-08,2025-12-08 01:55:00,1.37,97.98,True,True,False,delivered
O2000035,C00043,2025-12-02,2025-12-02 12:31:00,2025.0,12.0,2025-12,Tuesday,130.25,60.75,0.4664,2597.95,3,6,432.99,credit_card,cancelled,,,,,,,,,,False,False,False,
O000008,C00099,2025-12-02,2025-12-02 18:02:00,2025.0,12.0,2025-12,Tuesday,219.92,206.75,0.9401,3753.4000000000005,5,10,375.34,boleto,created,CORREIOS,14.39,0.0038,2025-12-03,2025-12-03 15:20:00,,,0.89,,False,False,False,in_transit
O2000094,C00020,2025-12-02,2025-12-02 15:56:00,2025.0,12.0,2025-12,Tuesday,959.66,12.34,0.0129,463.14,2,4,115.78,credit_card,delivered,CORREIOS,54.6,0.1179,2025-12-02,2025-12-02 11:27:00,2025-12-05,2025-12-05 20:54:00,-0.19,81.45,True,False,False,
O2000024,C00026,2025-12-02,2025-12-02 03:05:00,2025.0,12.0,2025-12,Tuesday,65.96,217.41,3.2961,1602.51,4,6,267.08,credit_card,delivered,TOTAL EXPRESS,55.54,0.0347,2025-12-03,2025-12-03 21:11:00,2025-12-05,2025-12-05 21:23:00,1.75,48.2,False,True,False,delivered
